--
-- PostgreSQL database dump
--

-- Dumped from database version 15.8 (Debian 15.8-0+deb12u1)
-- Dumped by pg_dump version 15.8 (Debian 15.8-0+deb12u1)

SET statement_timeout = 0;
SET lock_timeout = 0;
SET idle_in_transaction_session_timeout = 0;
SET client_encoding = 'UTF8';
SET standard_conforming_strings = on;
SELECT pg_catalog.set_config('search_path', '', false);
SET check_function_bodies = false;
SET xmloption = content;
SET client_min_messages = warning;
SET row_security = off;

SET default_tablespace = '';

SET default_table_access_method = heap;

--
-- Name: area; Type: TABLE; Schema: public; Owner: postgres
--

CREATE TABLE public.area (
    id integer NOT NULL,
    area character varying(60)
);


ALTER TABLE public.area OWNER TO postgres;

--
-- Name: area_id_seq; Type: SEQUENCE; Schema: public; Owner: postgres
--

CREATE SEQUENCE public.area_id_seq
    AS integer
    START WITH 1
    INCREMENT BY 1
    NO MINVALUE
    NO MAXVALUE
    CACHE 1;


ALTER TABLE public.area_id_seq OWNER TO postgres;

--
-- Name: area_id_seq; Type: SEQUENCE OWNED BY; Schema: public; Owner: postgres
--

ALTER SEQUENCE public.area_id_seq OWNED BY public.area.id;


--
-- Name: empleado; Type: TABLE; Schema: public; Owner: postgres
--

CREATE TABLE public.empleado (
    id character varying NOT NULL,
    nombreap character varying(60) NOT NULL,
    ci character varying(11) NOT NULL,
    escalas character varying(5) NOT NULL,
    thoraria double precision NOT NULL,
    destajo boolean,
    empleado_area_id integer NOT NULL
);


ALTER TABLE public.empleado OWNER TO postgres;

--
-- Name: evaluacion; Type: TABLE; Schema: public; Owner: postgres
--

CREATE TABLE public.evaluacion (
    evaluacion_empleado_id character varying,
    evaluacion_tipoevaluacion_id integer,
    evaluacion_perio_id integer
);


ALTER TABLE public.evaluacion OWNER TO postgres;

--
-- Name: opago; Type: TABLE; Schema: public; Owner: postgres
--

CREATE TABLE public.opago (
    id integer NOT NULL,
    tpago_id integer NOT NULL,
    monto numeric NOT NULL,
    opago_periodo_id integer NOT NULL,
    opago_empleado_id character varying NOT NULL
);


ALTER TABLE public.opago OWNER TO postgres;

--
-- Name: opago_id_seq; Type: SEQUENCE; Schema: public; Owner: postgres
--

CREATE SEQUENCE public.opago_id_seq
    AS integer
    START WITH 1
    INCREMENT BY 1
    NO MINVALUE
    NO MAXVALUE
    CACHE 1;


ALTER TABLE public.opago_id_seq OWNER TO postgres;

--
-- Name: opago_id_seq; Type: SEQUENCE OWNED BY; Schema: public; Owner: postgres
--

ALTER SEQUENCE public.opago_id_seq OWNED BY public.opago.id;


--
-- Name: pago_salario; Type: TABLE; Schema: public; Owner: postgres
--

CREATE TABLE public.pago_salario (
    id integer NOT NULL,
    sal_devengado numeric,
    destajo numeric,
    horast numeric,
    psalario_empleado_id character varying,
    psalario_periodo_id integer
);


ALTER TABLE public.pago_salario OWNER TO postgres;

--
-- Name: periodo; Type: TABLE; Schema: public; Owner: postgres
--

CREATE TABLE public.periodo (
    id integer NOT NULL,
    mes character varying,
    ordent integer,
    fechainicio date,
    fechafin date
);


ALTER TABLE public.periodo OWNER TO postgres;

--
-- Name: resumen_calculo_utilidades; Type: TABLE; Schema: public; Owner: postgres
--

CREATE TABLE public.resumen_calculo_utilidades (
    id integer NOT NULL,
    resumen_empleado_id character varying,
    resumen_utilidadesd_id integer,
    mtvacaciones numeric,
    mtsalario numeric,
    horastt numeric,
    coeficienteeva_utilidades numeric,
    descrip_coeficiente text,
    devengado numeric NOT NULL
);


ALTER TABLE public.resumen_calculo_utilidades OWNER TO postgres;

--
-- Name: resumen_calculo_utilidades_id_seq; Type: SEQUENCE; Schema: public; Owner: postgres
--

CREATE SEQUENCE public.resumen_calculo_utilidades_id_seq
    AS integer
    START WITH 1
    INCREMENT BY 1
    NO MINVALUE
    NO MAXVALUE
    CACHE 1;


ALTER TABLE public.resumen_calculo_utilidades_id_seq OWNER TO postgres;

--
-- Name: resumen_calculo_utilidades_id_seq; Type: SEQUENCE OWNED BY; Schema: public; Owner: postgres
--

ALTER SEQUENCE public.resumen_calculo_utilidades_id_seq OWNED BY public.resumen_calculo_utilidades.id;


--
-- Name: rol; Type: TABLE; Schema: public; Owner: postgres
--

CREATE TABLE public.rol (
    rol_id integer NOT NULL,
    rol character varying,
    descripcion text
);


ALTER TABLE public.rol OWNER TO postgres;

--
-- Name: rol_rol_id_seq; Type: SEQUENCE; Schema: public; Owner: postgres
--

CREATE SEQUENCE public.rol_rol_id_seq
    AS integer
    START WITH 1
    INCREMENT BY 1
    NO MINVALUE
    NO MAXVALUE
    CACHE 1;


ALTER TABLE public.rol_rol_id_seq OWNER TO postgres;

--
-- Name: rol_rol_id_seq; Type: SEQUENCE OWNED BY; Schema: public; Owner: postgres
--

ALTER SEQUENCE public.rol_rol_id_seq OWNED BY public.rol.rol_id;


--
-- Name: tipo_evaluacion; Type: TABLE; Schema: public; Owner: postgres
--

CREATE TABLE public.tipo_evaluacion (
    id integer NOT NULL,
    eva character(2) NOT NULL,
    peso integer DEFAULT 0 NOT NULL
);


ALTER TABLE public.tipo_evaluacion OWNER TO postgres;

--
-- Name: tipo_evaluacion_id_seq; Type: SEQUENCE; Schema: public; Owner: postgres
--

CREATE SEQUENCE public.tipo_evaluacion_id_seq
    AS integer
    START WITH 1
    INCREMENT BY 1
    NO MINVALUE
    NO MAXVALUE
    CACHE 1;


ALTER TABLE public.tipo_evaluacion_id_seq OWNER TO postgres;

--
-- Name: tipo_evaluacion_id_seq; Type: SEQUENCE OWNED BY; Schema: public; Owner: postgres
--

ALTER SEQUENCE public.tipo_evaluacion_id_seq OWNED BY public.tipo_evaluacion.id;


--
-- Name: tipo_pago; Type: TABLE; Schema: public; Owner: postgres
--

CREATE TABLE public.tipo_pago (
    id integer NOT NULL,
    tipo character varying(250) NOT NULL
);


ALTER TABLE public.tipo_pago OWNER TO postgres;

--
-- Name: tipo_pago_id_seq; Type: SEQUENCE; Schema: public; Owner: postgres
--

CREATE SEQUENCE public.tipo_pago_id_seq
    AS integer
    START WITH 1
    INCREMENT BY 1
    NO MINVALUE
    NO MAXVALUE
    CACHE 1;


ALTER TABLE public.tipo_pago_id_seq OWNER TO postgres;

--
-- Name: tipo_pago_id_seq; Type: SEQUENCE OWNED BY; Schema: public; Owner: postgres
--

ALTER SEQUENCE public.tipo_pago_id_seq OWNED BY public.tipo_pago.id;


--
-- Name: usuario; Type: TABLE; Schema: public; Owner: postgres
--

CREATE TABLE public.usuario (
    user_id integer NOT NULL,
    username character varying NOT NULL,
    pass character varying NOT NULL,
    descripcion text
);


ALTER TABLE public.usuario OWNER TO postgres;

--
-- Name: usuario_roles; Type: TABLE; Schema: public; Owner: postgres
--

CREATE TABLE public.usuario_roles (
    userrol_user_id integer,
    userrol_rol_id integer
);


ALTER TABLE public.usuario_roles OWNER TO postgres;

--
-- Name: usuario_user_id_seq; Type: SEQUENCE; Schema: public; Owner: postgres
--

CREATE SEQUENCE public.usuario_user_id_seq
    AS integer
    START WITH 1
    INCREMENT BY 1
    NO MINVALUE
    NO MAXVALUE
    CACHE 1;


ALTER TABLE public.usuario_user_id_seq OWNER TO postgres;

--
-- Name: usuario_user_id_seq; Type: SEQUENCE OWNED BY; Schema: public; Owner: postgres
--

ALTER SEQUENCE public.usuario_user_id_seq OWNED BY public.usuario.user_id;


--
-- Name: utilidades_distribucion; Type: TABLE; Schema: public; Owner: postgres
--

CREATE TABLE public.utilidades_distribucion (
    id integer NOT NULL,
    name_distribucionu text NOT NULL,
    monto_distribuir numeric NOT NULL,
    anno integer NOT NULL
);


ALTER TABLE public.utilidades_distribucion OWNER TO postgres;

--
-- Name: utilidades_distribucion_id_seq; Type: SEQUENCE; Schema: public; Owner: postgres
--

CREATE SEQUENCE public.utilidades_distribucion_id_seq
    AS integer
    START WITH 1
    INCREMENT BY 1
    NO MINVALUE
    NO MAXVALUE
    CACHE 1;


ALTER TABLE public.utilidades_distribucion_id_seq OWNER TO postgres;

--
-- Name: utilidades_distribucion_id_seq; Type: SEQUENCE OWNED BY; Schema: public; Owner: postgres
--

ALTER SEQUENCE public.utilidades_distribucion_id_seq OWNED BY public.utilidades_distribucion.id;


--
-- Name: utilidades_periodo_incluye; Type: TABLE; Schema: public; Owner: postgres
--

CREATE TABLE public.utilidades_periodo_incluye (
    upincluye_utilidadesd_id integer,
    upincluye_periodo_id integer,
    efectuado boolean DEFAULT false
);


ALTER TABLE public.utilidades_periodo_incluye OWNER TO postgres;

--
-- Name: utilidades_printhist; Type: TABLE; Schema: public; Owner: postgres
--

CREATE TABLE public.utilidades_printhist (
    id integer NOT NULL,
    codigo_empleado character varying,
    name_utilidad text,
    ci character varying(11),
    nombap character varying(60),
    devengado_util numeric,
    aporte_ss numeric,
    imp_ingp numeric,
    descuento_rm numeric,
    neto_cobrar numeric,
    area character varying(100)
);


ALTER TABLE public.utilidades_printhist OWNER TO postgres;

--
-- Name: utilidades_printhist_id_seq; Type: SEQUENCE; Schema: public; Owner: postgres
--

CREATE SEQUENCE public.utilidades_printhist_id_seq
    AS integer
    START WITH 1
    INCREMENT BY 1
    NO MINVALUE
    NO MAXVALUE
    CACHE 1;


ALTER TABLE public.utilidades_printhist_id_seq OWNER TO postgres;

--
-- Name: utilidades_printhist_id_seq; Type: SEQUENCE OWNED BY; Schema: public; Owner: postgres
--

ALTER SEQUENCE public.utilidades_printhist_id_seq OWNED BY public.utilidades_printhist.id;


--
-- Name: vacacionesp; Type: TABLE; Schema: public; Owner: postgres
--

CREATE TABLE public.vacacionesp (
    id integer NOT NULL,
    dias integer,
    monto numeric,
    vacacionesp_empleado_id character varying,
    vacacionesp_periodo_id integer,
    tiempo_tota numeric,
    importe_total numeric
);


ALTER TABLE public.vacacionesp OWNER TO postgres;

--
-- Name: area id; Type: DEFAULT; Schema: public; Owner: postgres
--

ALTER TABLE ONLY public.area ALTER COLUMN id SET DEFAULT nextval('public.area_id_seq'::regclass);


--
-- Name: opago id; Type: DEFAULT; Schema: public; Owner: postgres
--

ALTER TABLE ONLY public.opago ALTER COLUMN id SET DEFAULT nextval('public.opago_id_seq'::regclass);


--
-- Name: resumen_calculo_utilidades id; Type: DEFAULT; Schema: public; Owner: postgres
--

ALTER TABLE ONLY public.resumen_calculo_utilidades ALTER COLUMN id SET DEFAULT nextval('public.resumen_calculo_utilidades_id_seq'::regclass);


--
-- Name: rol rol_id; Type: DEFAULT; Schema: public; Owner: postgres
--

ALTER TABLE ONLY public.rol ALTER COLUMN rol_id SET DEFAULT nextval('public.rol_rol_id_seq'::regclass);


--
-- Name: tipo_evaluacion id; Type: DEFAULT; Schema: public; Owner: postgres
--

ALTER TABLE ONLY public.tipo_evaluacion ALTER COLUMN id SET DEFAULT nextval('public.tipo_evaluacion_id_seq'::regclass);


--
-- Name: tipo_pago id; Type: DEFAULT; Schema: public; Owner: postgres
--

ALTER TABLE ONLY public.tipo_pago ALTER COLUMN id SET DEFAULT nextval('public.tipo_pago_id_seq'::regclass);


--
-- Name: usuario user_id; Type: DEFAULT; Schema: public; Owner: postgres
--

ALTER TABLE ONLY public.usuario ALTER COLUMN user_id SET DEFAULT nextval('public.usuario_user_id_seq'::regclass);


--
-- Name: utilidades_distribucion id; Type: DEFAULT; Schema: public; Owner: postgres
--

ALTER TABLE ONLY public.utilidades_distribucion ALTER COLUMN id SET DEFAULT nextval('public.utilidades_distribucion_id_seq'::regclass);


--
-- Name: utilidades_printhist id; Type: DEFAULT; Schema: public; Owner: postgres
--

ALTER TABLE ONLY public.utilidades_printhist ALTER COLUMN id SET DEFAULT nextval('public.utilidades_printhist_id_seq'::regclass);


--
-- Data for Name: area; Type: TABLE DATA; Schema: public; Owner: postgres
--

COPY public.area (id, area) FROM stdin;
1	DIRECCION
2	SUBDIRECCION COMERCIAL
3	SUBDIRECCION CONTABLE FINANCIERA
4	SUBDIRECCION DE ADMINISTRACION
5	SUBDIRECCION DE DESARROLLO
6	SUBDIRECCION INFORMATICA
7	SUBDIRECCION DE ASEGURAMIENTO
8	GRUPO ALMACEN SIBONEY
9	SUBDIRECCION DE OPERACIONES
10	SUBDIRECCION TECNICA
11	GRUPO TALLER BOYEROS
12	GRUPO TALLER HABANA
13	GRUPO TALLER SIBONEY
14	DEPARTAMENTO AEROPUERTO
15	GRUPO DE VENTAS PINAR DEL RIO
16	DEPARTAMENTO CIUDAD
17	DEPARTAMENTO VARADERO
18	DEPARTAMENTO VILLA CLARA
19	DEPARTAMENTO CIENFUEGOS
20	DEPARTAMENTO CIEGO DE AVILA
21	DEPARTAMENTO CAMAGUEY
22	DEPARTAMENTO HOLGUIN
23	DEPARTAMENTO SANTIAGO DE CUBA
24	GRUPO DE SEGURIDAD INTERNA
\.


--
-- Data for Name: empleado; Type: TABLE DATA; Schema: public; Owner: postgres
--

COPY public.empleado (id, nombreap, ci, escalas, thoraria, destajo, empleado_area_id) FROM stdin;
0077	HERMINIO LAGARZA  ACOSTA	63010531600	III	24.659	f	8
03100	DANIEL ALEJANDRO JIMENEZ BETANCOURT	01060566285	III	24.659	f	11
0039	HENRY ROLANDO ESTEVEZ  CALDERÓN	96083109986	VI	30.9549	f	11
0151	ISRAEL MORA  BELTRÁN	77020406607	X	36.2015	f	10
0101	DAUNIER HERNÁNDEZ  TRUJILLO	79120206145	X	36.2015	f	6
03169	YAILIN URRUTIA POMIER	87030909778	VI	30.9549	f	5
03134	ALFREDO VAGNER PEÑA SILVA	60052015562	X	36.2015	f	10
03177	ALEXANDER CARDOSA SALAZAR	73082511608	X	36.2015	f	1
0309	ERIK LÁZARO PRENDES LAGO	83070627289	X	36.2015	f	1
0082	ARTURO EVASIO SÁNCHEZ  MARTÍNEZ	63121215640	XVII	47.744	f	1
0030	MARITZA MOYA CUELLAR	65012826774	X	36.2015	f	1
0365	ONEDIS BASULTO HERNÁNDEZ	92082440121	XVI	45.6453	f	1
0363	DILENIA HIDALGO SUÁREZ	81102406997	IV	26.7576	f	1
0250	ARIANNA PÉREZ  LLANO	92090230750	VI	30.9549	f	2
03167	JESSICA DE LAS MERCEDES DEL PESO ZAMBRANO	91081528498	VI	30.9549	f	2
0399	ADRIANA VALERA CORREA	96040706757	XIV	41.4481	f	2
0089	EDGAR SÁNCHEZ  OLIVA	80091007502	X	36.2015	f	2
0029	CLAUDIA LINARES  SOSA	85022805459	XVI	45.6453	f	2
03161	LISANDRA HERNANDEZ CREACH	87092406817	X	36.2015	f	3
03166	JOSE FERMIN CORTIÑA PIÑERA	84040104860	X	36.2015	f	3
0341	MAIYELIN  VERA VALDÉS	99011007555	X	36.2015	f	3
0345	MARUCHA SERRET ROJAS	81100223416	X	36.2015	f	3
03105	ISIS IVETTE ESCALONA LEYVA	83102119051	XIV	41.4481	f	3
0258	SUILEN REYES  SUÁREZ	82080307612	XVI	45.6453	f	3
0105	DANIA BERETERVIDE  DOPICO	64061801112	X	36.2015	f	3
03133	JOSE LUIS CATURLA TERRY	65051504181	III	24.659	f	4
0032	TERESA DE LA CARIDAD GARCÍA  BOLAÑOS	64030112417	I	21.511	f	4
03171	ADA DANIA GONZALEZ GONZALEZ	70092002476	X	36.2015	f	4
03172	ABEL PRIETO CASQUERO	85072601148	XVI	45.6453	f	4
0375	ERNESTO GUERRA MATA	98111206907	III	24.659	f	4
0395	CARLOS  DIAZ ORDAZ	63122918283	III	24.659	f	4
03140	LEONARDO PEREZ RAMIREZ	69062916800	X	36.2015	f	4
0333	MARTHA BRENDA DÍAZ DELGADO	90050622896	XVI	45.6453	f	5
03150	ALIUSKA LOURDES SANCHEZ HERNANDEZ	86103105175	VI	30.9549	f	5
03141	DANAY GUZMÁN BORGES	91071224652	VI	30.9549	f	5
0117	RAÚL PAVÓN  FUENTES	65073102769	XIV	41.4481	f	5
0331	ALEJANDRO  RAMÍREZ COMESAÑAS	96093008988	X	36.2015	f	6
0262	FRANCISCO JAVIER CASTELLÓN  BARTROLI	66042814748	XVI	45.6453	f	6
03153	EDUARDO  FORTE MARQUEZ	90050928909	X	36.2015	f	6
03160	RANNIEL RIVERO SEVILA	84072523147	X	36.2015	f	6
0259	HASLEMER SOTOLONGO  CUZA	74121822567	XVI	45.6453	f	7
0366	REMBERTO GONZÁLEZ MORALES	69073008505	X	36.2015	f	7
0400	ROGER ONDARSE ROJAS	72030707262	X	36.2015	f	7
0046	ROBERTO PADILLA  COLAO	62021500702	III	24.659	f	7
0041	YAMILA JO  MARRERO	71071214350	V	28.8562	f	7
0083	ALEJANDRO MONTAÑA  RIVERA	68041802704	V	28.8562	f	8
0081	ERNESTO SÁNCHEZ  COLUMBIÉ	91102621066	III	24.659	f	8
03113	MICHEL BARZAGA URQUIZA	95102746105	VI	30.9549	f	9
0044	ABEL ERNESTO URGELLES GARRIDO	64042014641	IV	26.7576	f	9
0049	OMAR VEGA  SIERRA	61081602442	III	24.659	f	9
0050	ARNALDO BLANCO  CARDOSO	62061831389	III	24.659	f	9
0055	ROBERTO AGUIRREZABAL  HOPUY	67011332047	III	24.659	f	9
0063	LIOSBEL VALDÉS  HERRERA	79080302984	IV	26.7576	f	9
0067	JORGE LUIS MARTÍNEZ  GONZÁLEZ	61121029863	III	24.659	f	9
0080	REGINO MARRERO  TAMAYO	88082434142	IV	26.7576	f	9
0169	VLADIMIR  CLARO  NIKOLAIEVA	74120502342	III	24.659	f	9
0180	MANUEL GARCÍA  GUTIERREZ	77012704342	III	24.659	f	9
0263	ARMANDO ÁLVAREZ  FERNÁNDEZ	77042205726	XVI	45.6453	f	9
0274	JORGE PABLO RODRÍGUEZ  SÁNCHEZ	65090924603	VI	30.9549	f	9
0283	JORJAN OLIVERA  MONTANO	80022600820	XIV	36.2015	f	9
0290	LÁZARO REINIER RODRÍGUEZ RAVELO	91081728103	VI	30.9549	f	9
0294	LUIS ALBERTO PITA BODAÑO	66091013022	IV	26.7576	f	9
03119	OSMAR MANUEL VAILLANT QUEZADA	91111948221	VI	30.9549	f	9
03142	YANSEL GONZALEZ VARELA	89102223545	IV	24.659	f	9
03143	DANIEL SANTIAGO RAMOS VALLS	64092729644	IV	26.7576	f	9
03147	BENIGNO GONZALEZ ORTIZ	66042411566	IV	26.7576	f	9
03154	ARIEL PEÑA  NAPOLES	89020220382	VI	30.9549	f	9
0354	DIMAS MARCOS IBALBIA PAIROL	65032530424	IV	26.7576	f	9
0369	EMIGDIO JIMÉNEZ PEÑA	84070620820	XIV	41.4481	f	9
0378	JUAN ALEXANDER  ALBUQUERQUE HERRERA	74103102985	II	30.9549	f	9
0388	NOEL FERNÁNDEZ VARELA	91071528909	VI	30.9549	f	9
03131	OSMEL LEONARDO ZAMORA PEREZ	87010707708	III	24.659	f	9
0264	RAMÓN OQUENDO  FADRAGA	64092000765	XVI	45.6453	f	10
0338	JUAN CARLOS YAMACHO SILVA	65081300101	X	38.51	f	10
0087	YEAN MARC MORENO  CABRERA	71110614360	X	36.2015	f	10
03175	MAIQUEL CONCEPCION PADILLA	95012928203	V	28.8562	f	11
0373	REINIER ESTRADA VIVES	98103122741	V	28.8562	f	11
03139	ALDO  OLIVEROS  CRUZ	90031247962	X	36.2015	f	11
03151	IVAN  CRUZ GARCIA	87010910026	III	24.659	f	11
03157	EDDY RODRIGUEZ RODRIGUEZ	75082302968	V	28.8562	f	11
0321	EDDY RODRÍGUEZ CARBALLEDO	01111266627	VI	30.9549	f	11
0086	ALEJANDRO BATISTA  CRUZ	68070316984	XII	38.3001	t	11
0133	VALIA NOGUERA FIGUEROA	75082000671	VI	30.9549	f	14
0405	YURY ROBERTO CONYEDO ALEJO	74050822569	VI	30.9549	t	13
0249	LUIS BULNES  CARRILLO	60082001103	VI	30.9549	t	13
0115	ANA JULIA GONZÁLEZ GÓMEZ	64060502016	VI	30.9549	f	14
0014	REINALDO RAMOS  GÓMEZ	69062900029	VI	30.9549	t	13
0090	YANET DEVESA  SÁNCHEZ	87112634897	X	36.2015	t	13
0235	LUIS DANIEL GONZÁLEZ  VIERA	96101410001	VI	30.9549	t	13
0248	JUAN CARLOS TRELLES  CABRERA	66053004348	VI	30.9549	t	13
03117	MALKIEL  MOJENA HERNANDEZ	99092006922	VI	30.9549	t	13
0398	YASSER BOTELLO VIDAL	93060633862	VI	30.9549	t	13
03145	YASER RENE LOPEZ BLANCO	06070566486	VI	30.9549	t	13
03137	ANTUAN UMPIERRE ALVAREZ	70010303985	VI	30.9549	t	13
0270	RICARDO DANIEL PÉREZ  ALLISON	68071210806	IV	26.7576	t	13
0213	LEONARDO RODRÍGUEZ  MEDINA	82102206906	VI	30.9549	t	13
0052	ESTEBAN DAVID SÁNCHEZ  NOVO	63122631988	III	24.659	f	14
0013	MIGUEL VALLE  ÁLVAREZ	68092903503	II	23.085	f	12
0349	JUAN DE LEÓN  CARMENATY	50062408808	II	23.085	f	12
0005	IBRAHIN FERRER  DE LA ROSA	59081110669	II	23.085	f	12
0291	WILLIAN RODRÍGUEZ VELIZ	76112702407	II	23.085	f	12
03156	JULIO ALFREDO WONG SERRA	97013106925	V	28.8562	f	13
0043	JORGE LUIS LÓPEZ  ORTA	69092100201	VI	30.9549	f	13
0230	ERNESTO ALARCÓN  ESPINOSA	67060931181	X	36.2015	f	13
0232	HUMBERTO PABLO CABEZAS   ALONSO	65061729741	II	23.085	f	13
0246	YORGENIS RAMÍREZ  VELÁZQUEZ	74092311300	VI	24.659	f	13
03118	RAIDEL RAMOS ARREBATO	91122907042	V	28.8562	f	13
03138	ERANDIS  ALVAREZ GARCIA	96100708980	V	28.8562	f	13
03144	LAZARO YORDAN VALDES BRUNET	97040407386	V	28.8562	f	13
03146	CARLOS WILFREDO AROZARENA CORTES	02101267468	V	28.8562	f	13
03148	ARMANDO LOPEZ GUERRA	98120807485	VI	30.9549	f	13
03152	JEIBEL ALONSO SARDIÑAS	02031967364	VI	30.9549	f	13
03164	KEVIN SORRELL GARCIA	01072468003	V	28.8562	f	13
03176 	EDUARDO CALDERON FUENTES	94013034202	V	28.8562	f	13
03178	JUAN ANTONIO HERNANDEZ RAMIREZ	94123126109	V	28.8562	f	13
0396	DANIEL MUÑOZ GONZÁLEZ	86080806688	VI	30.9549	f	13
0091	ROBERTO FRANCISCO JARDÓN  PRENDES	70060300806	XII	38.3001	t	13
0045	PABLO PÉREZ  TORRES	70102227647	II	26.7576	f	14
0033	IDARMIS RIVERA  LEÓN	67103030292	I	21.511	f	14
0003	ARMINDA JULIA ARIAS  HERNÁNDEZ	43072708657	II	23.085	f	14
0154	RODOBALDO DÍAZ  ARTEAGA	57020723948	II	23.085	f	14
0160	ORLANDO LLANES  MESA	67091002169	IV	26.7576	f	14
0162	JESUS BARCELONA  ALAMBARES	71102614788	IV	26.7576	f	14
0025	EDUARDO GONZÁLEZ  FERNÁNDEZ	88071806360	II	23.085	f	14
0022	YUNIERT CUTIÑO  GRIÑAN	82081709443	II	23.085	f	14
0010	LEONEL SILVA  ABAD	66102813664	II	23.085	f	14
0008	CONSUELO GONZÁLEZ  DÍAZ	65070101316	II	23.085	f	14
0163	OSMEL DÍAZ  CRUZ	72061530046	IV	26.7576	f	14
0167	JULIO CÉSAR ESCAÑO  RODRÍGUEZ	74071201582	IV	26.7576	f	14
0173	ALAIN MERCHÁN  OLIVA	75042727021	II	23.085	f	14
0175	JORGE ALBERTO GOENAGA  MARTÍNEZ	75091303206	II	23.085	f	14
0176	DENNIS ORTIZ  HERNÁNDEZ	76010302983	IV	26.7576	f	14
0182	JULIO CESAR BERMUDEZ  LOPEZ	78052910322	IV	26.7576	f	14
0183	YANOSKY ESCAÑO  RODRÍGUEZ	78111703042	II	23.085	f	14
0189	RAYWER SIERRA  RODRÍGUEZ	83051405903	II	23.085	f	14
0196	JONAH LÓPEZ  DÍAZ	89103003841	II	23.085	f	14
0261	YADIRA FERRARI  SUÁREZ	71123000994	XV	43.5467	f	14
0275	MAIKEL CÓRDOVA  GÓNGORA	83102420907	XIV	30.9549	f	14
0285	OSMEL IGNACIO FERNÁNDEZ  CAMPILLO	83112329161	VI	30.9549	f	14
03124	LIVIO AVELINO LIMONTA JIMENEZ	64101933586	II	23.085	f	14
03126	YAN LUIS MARTINEZ GONZALEZ	01061766707	II	23.085	f	14
03170	YAZMANY ANTONIO COTILLA HERNANDEZ	89062721146	II	23.085	f	14
0392	MAXIMO MENDEZ MOLINA	71070826900	II	23.085	f	14
0140	ANAEVI MARTÍNEZ  RAMOS	76091009576	VI	30.9549	f	14
0137	KENIA AMINTA DELGADO  RODRÍGUEZ	76022001852	VI	30.9549	f	14
0142	ALAIN GARCÍA  JEREZ	77011307082	VI	30.9549	f	14
0136	ARIANNA GUZMÁN RIVERO	76011103251	VI	30.9549	f	14
0135	SANDOR RUBÉN  ROLDÁN	75101926625	VI	30.9549	f	14
0130	YAMILKA DE LA CARIDAD SOSA  REMÓN	73022234416	VI	30.9549	f	14
0156	LUIS ANGEL GARCÍA ALARCÓN	61101312181	II	23.085	f	14
0120	VIRGINIA ISABEL SOTO  CASTRO	66090527133	VI	30.9549	f	14
0059	MIGUEL ANGEL CÁRDENAS  FERNÁNDEZ	72040801628	II	23.085	f	14
0096	ELIEZER SENÉN MEDINA  CARBONELL	78081710301	VI	30.9549	f	14
0078	YOEL MONDUY  RODRÍGUEZ	78011708481	VI	30.9549	f	14
0064	YUSNIEL MOJENA  CAMPILLO	82022408624	III	24.659	f	14
0062	DANCÉS LEÓN  HERRERA	77071731568	II	23.085	f	14
0057	JULIO ESTEBAN FIGUEREDO  DEL TORO	70102218444	II	23.085	f	14
0297	FRANCISCO PALACIOS CABRERA	70022129062	IV	26.7576	f	15
0172	LUIS MANUEL PUENTES  CID	75041800428	IV	26.7576	f	15
0298	PEDRO BEC LÓPEZ	58070607565	XIV	41.4481	f	15
0302	ADOLFO DAMIÁN MORENO GONZÁLEZ	87102002268	VI	30.9549	f	15
0066	MANUEL RAÚL GÓMEZ  FERRO	87031710740	VI	30.9549	f	16
0053	AVELARDO IZQUIERDO  REYES	65050910745	IV	23.085	f	16
0034	YOASMIN CALDERON  PÉREZ	76111901935	I	21.511	f	16
0026	MAIKEL YUDIANNY  JIMÉNEZ  PÉREZ	91100836209	III	24.659	f	19
0307	ANNIER  CHAVEZ  LECTO	93011820501	IV	26.7576	f	22
0208	MARTINIANO HERNÁNDEZ  BARCELÓ	68100305647	VI	30.9549	t	20
0001	ALFREDO IGARZA  BARRIEL	68100113668	II	23.085	f	23
0121	ANA MARIA HERNÁNDEZ  GONZÁLEZ	67012521893	XV	43.5467	f	18
03158	INELDO IDEL ESPINOSA GARCIA	66051608502	II	23.085	f	20
0212	YOSVANY PRIETO  MERIÑO	80072419106	VI	30.9549	t	22
0113	PEDRO EMILIO CARNOT  PEREIRA	60052814445	VI	30.9549	f	16
0141	YUDITH REMIS  RODRÍGUEZ	76102902291	VI	30.9549	f	16
0159	ALEXIS SUÁREZ  CAPOTE	65032131369	IV	26.7576	f	16
0177	ENID CRESPO  TORRES	76070809961	IV	26.7576	f	16
0199	OSVALDO MORENO  HERNÁNDEZ	66121126709	XV	43.5467	f	16
0293	DARIEL ORTIZ VALDEZ	91030729164	II	23.085	f	16
0314	JULIO GERMÁN MORA NEGRÍN	61102311421	II	23.085	f	16
0351	ISEL ENAMORADO ODUARDO	72120822621	IV	26.7576	f	16
0353	ALFREDO LOPEZ ALEMAN	91071629640	IV	26.7576	f	16
0145	YUDIETH PALENZUELA  YANES	77071308519	VI	30.9549	f	17
0146	SHEYLA NORES  GONZÁLEZ	77102408513	VI	30.9549	f	17
0170	JAVIEL PITA  CABALLERO	74122105065	IV	26.7576	f	17
0188	MICHAEL DE ARMAS  RODRÍGUEZ	81082809140	IV	26.7576	f	17
0193	ARTURO DÁVALOS  MOROS	85102309248	IV	26.7576	f	17
0195	JOAQUÍN FERNÁNDEZ  RONDÓN	89090512026	VI	30.9549	f	17
0197	LUIS ANTONIO NARANJO  QUINTANA	66020214249	XV	43.5467	f	17
03114	YOAN  HERNÁNDEZ  MENDEZ	81121608207	II	23.085	f	17
03162	LIUSKA ORTEGA  RODRIGUEZ	79051608214	VI	30.9549	f	17
03163	JOSE MIGUEL NAVARRO CRUZ	67102131388	II	23.085	f	17
0009	DIOSDADO VIZCAINO  RODRÍGUEZ	65110800422	II	23.085	f	17
0134	MARIANELA MANCHA TARAJANO	75082505833	VI	30.9549	f	17
0143	MAILYN LORENZO  RODRÍGUEZ	77021209074	VI	30.9549	f	17
0071	FÉLIX MEDINA  SUÁREZ	67072816143	IV	26.7576	f	18
0304	EVIS ACUÑA BRAVO	67030304540	VI	30.9549	t	18
0209	EDEL JIMÉNEZ  ALBA	69101122122	VI	30.9549	f	18
0253	ALBERTO PÉREZ  FLORES	64010720143	II	23.085	f	18
0255	CARLOS ENRIQUE VELASCO  BLANCO	86081612529	VI	30.9549	f	18
0299	PABLO GARCÍA MARTÍNEZ	90071532404	IV	26.7576	f	18
03111	FAUSTINO RODRIGUEZ RODRIGUEZ	62031621487	II	23.085	f	18
03121	RAUL  RODRIGUEZ SANCHEZ	72010305503	IV	26.7576	f	18
0350	FRANK NIEBLA BERMUDEZ	70060305903	VI	30.9549	f	18
0377	VLADIMIR  MANSO GONZÁLEZ	74021806780	VI	30.9549	f	18
0393	LUIS MIGUEL MOYA PEREZ	91042235325	IV	26.7576	f	18
0383	YOSVANY ECHEVARRÍA TURIÑO	77060911684	II	23.085	f	18
0006	ALFONSO COLINA  HURTADO	60110319785	II	23.085	f	19
0384	JESUS RAFAEL  DELGADO GESSA	70021206560	IV	26.7576	f	19
0165	ROLANDO GÓMEZ  SERRANO	73112204169	IV	26.7576	f	19
03128	ADEL  FERNANDEZ GONZALEZ	74040127747	II	23.085	f	19
0128	MIRTA CABRERA GINORIA	71040502217	VI	30.9549	f	19
0125	LUIS ORLANDO MARTIN  MAYONADA	70051702588	XV	43.5467	f	19
03115	GEORLANDY  VENEGA SANTOS	75102109967	IV	26.7576	f	20
0202	ABUNDIO MOYA  PÉREZ	73090803027	VI	30.9549	f	20
0401	JOSE CARLOS  SANCHEZ  CID 	92080838904	VI	30.9549	f	20
0075	JUAN CARLOS ABDALA  GARCÍA	81122102026	IV	26.7576	f	20
03110	ALYS GARCÍA  HERNÁNDEZ	78090919514	XV	43.5467	f	20
0280	ALEXIS ELIA CASTILLO  JIMÉNEZ	66100605447	VI	30.9549	f	21
03116	DUANY RICHARD VIGO MARRERO	84120218064	IV	26.7576	f	21
0385	HECTOR EUTIQUIO MOYARES  RAMOS	65120808422	V	28.8562	f	21
0194	ADRIÁN RODRÍGUEZ BARRERAS	86030318025	IV	26.7576	f	21
0201	ERIBERTO RAÚL VALDÉS  FONTELA	72092607622	XV	45.8552	f	21
0277	PATRICIO HERNÁNDEZ  FÁBREGAS	60042007981	VI	30.9549	f	21
03159	RACIEL PEREDA AGUILERA	91013042305	IV	23.085	f	22
03173	PEDRO RAFAEL ALDANA ZAPATA	70031422906	VI	30.9549	f	22
0335	CARLOS COBIRLLA AGUILERA	90111741222	II	23.085	f	22
0376	OSMANIS FERNANDEZ ANZARDO	72012608486	II	23.085	f	22
0381	ALEXIS RODRÍGUEZ CARRALERO	69032323108	IV	26.7576	f	22
0276	JORGE LUIS SAAVEDRA  GARCÍA	85052422029	VI	30.9549	f	22
0129	NESTOR ERITH HERNÁNDEZ  MENA	71122510580	VI	30.9549	f	22
0126	LUIS ROBERTO ALMAGUER  SOLIS	70092908981	XV	43.5467	f	22
0116	LIDISMIR DOROTEA VEGA  ARENA	65022214076	VI	30.9549	f	22
0114	FERNANDO RODRÍGUEZ  CRUZ	61022414468	VI	30.9549	f	22
0161	RAMÓN SALINA  RICARDO	70100309809	IV	26.7576	f	22
03104	ROBERQUI HECHAVARRIA ALBA	79121822300	VI	30.9549	f	22
03155	SERGIO YANSEL SARMIENTO CRUZ	83040318907	VI	30.9549	f	22
0211	ARNULFO EDGAR LUNA  MENDOZA	75020713705	VI	30.9549	t	23
0018	JOSE ALAIN MASSO  ALMENARES	74010610566	IV	23.085	f	23
0023	DIUNEIKY GIRÓN  NOA	85071026793	II	23.085	f	23
0072	ALEXANDER MARTÍNEZ  VIDAL	74100311048	IV	26.7576	f	23
0119	ALFREDO RODRÍGUEZ  LEÓN	66010807008	VI	30.9549	f	23
0131	GRISEL ORTEGA  ALVAREZ	73092710173	VI	30.9549	f	23
0149	LEYANNE MEDINA  SANABIA	80121023416	VI	30.9549	f	23
0200	YOELKIS VIAMONTE  MENDOZA	68092207224	XV	43.5467	f	23
0303	ARIAN HECHAVARRIA CASTILLO	81031923462	II	23.085	f	23
0368	ONIS GORGUET NUÑEZ	71041211283	III	24.659	f	23
0015	ROBERTO SUÁREZ  ANTÚNEZ	71061529583	II	23.085	f	24
0093	JANETT ADRIANA VÁZQUEZ  FANEGO	65111919779	X	36.2015	f	2
03122	ROLANDO RODRIGUEZ GONZALEZ	79042502401	III	24.659	f	8
0358	ALEXEI BERNIS VILTRES	76092624989	IV	26.7576	f	9
0038	ANGEL DANIEL PASCUAL  VALDÉS	98011606643	V	28.8562	t	11
0397	JOAQUIN MODESTO PERDOMO PEREZ	95100930889	V	28.8562	f	11
0389	YOESLAN  VALDES SANCHEZ	88031608447	VI	30.9549	t	13
0158	BÁRBARO PABLO GONZÁLEZ  RODRÍGUEZ	64101405101	II	23.085	f	14
0148	MARIA DEL  CARMEN CASTAÑER  AVERHOFF	79122007759	VI	30.9549	f	14
03168	LOYSLI REINALDO CORDERO GÓMEZ	83101629508	II	23.085	f	16
03174	JOSE FRANCISCO DUQUESNE BAEZ	58051100229	II	23.085	f	17
03108	LUIS ANGEL YERA PEREZ	02011872060	VI	30.9549	f	19
03165	EMILIO  VIÑALES  FIGUEROA	64112530228	II	23.085	f	20
0021	ILIAT REVILLA  BARRIENTOS	81052023586	II	23.085	f	23
0387	GERARDO  FERNÁNDEZ BORROTO	63081402387	II	23.085	f	24
0361	EDUARDO LEYVA SIANKA	65101303162	II	23.085	f	24
03129	ANDY  FERNANDEZ RAMON	97080908102	II	23.085	f	24
03127	HECTOR DANIEL MENDOZA VAZQUEZ	84020107709	II	23.085	f	24
03120	ROLANDO  GONZALEZ PADRO	68040704042	II	23.085	f	24
0252	FRANCISCO JIMÉNEZ  FÚ	50061609841	II	23.085	f	24
0402	DAYLON  QUESADA  HECHAVARRÍA 	92110530422	II	36.2015	f	24
\.


--
-- Data for Name: evaluacion; Type: TABLE DATA; Schema: public; Owner: postgres
--

COPY public.evaluacion (evaluacion_empleado_id, evaluacion_tipoevaluacion_id, evaluacion_perio_id) FROM stdin;
0146	2	78
0143	5	78
03115	2	78
03122	2	76
03122	2	77
03122	2	78
0389	2	76
0389	2	77
0389	2	78
0158	2	76
03134	2	78
03177	5	76
03177	5	77
03177	2	78
0030	2	78
0089	2	78
0105	2	78
03140	2	78
0262	2	78
0366	2	78
03113	2	78
0063	2	78
0080	2	76
0080	2	77
0080	2	78
0169	2	76
0169	2	77
0169	2	78
0180	2	76
0180	2	77
0180	2	78
0263	2	76
0263	2	77
0263	2	78
0274	2	76
0274	2	77
0274	2	78
0283	2	76
0283	2	77
0283	2	78
03147	2	76
03147	2	77
03147	2	78
03154	2	76
03154	2	77
03154	2	78
0354	2	76
0354	2	77
0354	2	78
0369	2	76
0369	2	77
0369	2	78
0378	2	76
0378	2	77
0378	2	78
0388	2	78
0264	2	76
0264	2	77
0264	2	78
0087	2	76
0087	2	77
0087	1	78
03151	2	76
03151	2	77
03151	2	78
03157	2	76
03157	2	77
03157	2	78
0321	2	76
0321	2	77
0321	2	78
0086	2	76
0086	2	77
0086	2	78
0133	2	76
0133	2	77
0133	2	78
0115	2	76
0115	2	77
0115	2	78
03117	2	76
03117	2	77
0398	2	78
03145	5	78
0213	1	78
0013	2	78
0230	2	78
03138	2	78
03144	2	76
03144	2	77
03144	3	78
0033	2	78
0162	2	78
0008	2	78
0189	2	78
0392	2	78
0142	2	78
0096	2	76
0096	2	77
0096	2	78
0078	2	76
0078	2	77
0078	2	78
0062	2	76
0062	2	77
0062	2	78
0297	2	76
0297	2	77
0297	2	78
0302	2	76
0302	2	77
0302	2	78
0066	2	76
0066	2	77
0066	2	78
0053	2	76
0053	2	77
0053	2	78
0034	2	76
0034	2	77
0034	2	78
0307	2	76
0307	2	77
0307	2	78
0208	2	76
0208	2	77
0208	2	78
0001	2	76
0001	2	77
0001	2	78
0121	2	76
0121	2	77
0121	2	78
03158	2	76
03158	2	77
03158	2	78
0212	2	76
0212	2	77
0212	2	78
0141	2	76
0141	2	77
0141	2	78
0159	2	76
0159	2	77
0159	2	78
0177	2	76
0177	2	77
0177	2	78
0199	2	76
0199	2	77
0199	2	78
0293	2	76
0293	2	77
0293	2	78
0351	2	76
0351	2	77
0351	2	78
0353	2	76
0353	2	77
0353	2	78
0146	2	76
0146	2	77
0158	2	77
0158	2	78
0148	2	76
0148	2	77
0148	2	78
03108	2	76
03108	2	77
03108	2	78
0021	2	76
0021	2	77
0021	2	78
0387	2	76
0387	2	77
0387	2	78
03129	3	78
03120	2	76
03120	2	77
03120	2	78
0252	2	76
0252	2	77
0252	2	78
0402	2	76
0402	3	77
0402	2	78
0249	2	76
0249	2	77
0249	3	78
03169	5	76
03169	2	77
03169	2	78
03167	5	76
03167	2	77
03167	2	78
03161	5	76
03161	2	77
03161	2	78
0341	4	76
0341	5	77
0341	5	78
03133	2	76
03133	2	77
03133	2	78
03171	5	76
03171	2	77
03171	2	78
03172	5	76
03172	2	77
03172	2	78
0235	2	76
0044	2	76
0235	2	77
0235	2	78
0044	2	77
0044	2	78
0067	2	76
0067	2	77
0067	2	78
0294	3	76
0294	2	77
0294	2	78
03119	2	76
03119	2	77
03119	2	78
0373	5	76
0373	5	77
0373	5	78
0043	2	76
0043	2	77
0043	2	78
03126	3	76
03126	2	77
03126	2	78
0156	2	76
0156	2	77
0156	2	78
0120	2	76
0120	2	77
0120	2	78
0172	2	76
0172	2	77
0172	2	78
0197	2	76
0197	2	77
0197	2	78
0393	2	76
0393	2	77
0393	2	78
0125	2	76
0125	2	77
0125	2	78
0290	2	76
0290	2	77
0290	2	78
03131	3	76
03131	2	77
03131	3	78
03175	5	76
03175	5	77
03175	2	78
0163	2	76
0163	2	77
0163	2	78
0285	2	76
0285	2	77
0285	2	78
03153	2	76
03153	2	77
03153	2	78
03142	2	76
03142	2	77
03142	2	78
0014	3	76
0014	2	77
0014	2	78
0090	2	76
0090	2	77
0090	2	78
03176 	5	76
03176 	5	77
03176 	3	78
03178	5	76
03178	5	77
03178	2	78
0025	2	76
0025	2	77
0025	2	78
0183	2	76
0183	2	77
0183	2	78
03170	5	76
03170	2	77
03170	2	78
0145	2	76
0145	2	77
0145	2	78
03155	2	76
03155	2	77
03155	2	78
0149	2	76
0149	2	77
0149	2	78
0397	5	76
0397	5	77
0397	5	78
03168	2	76
03168	2	77
03168	2	78
0361	2	76
0361	2	77
0361	2	78
0250	2	76
0250	5	77
0250	5	78
03166	2	76
03166	2	77
03166	2	78
0345	2	76
0345	3	77
0345	3	78
03150	2	76
03150	2	77
03150	2	78
0275	2	76
0275	2	77
0275	2	78
0136	2	76
0136	2	77
0136	2	78
0298	2	76
0298	2	77
0298	2	78
0026	5	76
0026	2	77
0026	2	78
0113	2	76
0113	2	77
0113	2	78
03162	5	76
03162	2	77
03162	2	78
03163	2	76
03163	2	77
03163	2	78
0401	2	76
0401	2	77
0401	2	78
03110	3	76
03110	2	77
03110	5	78
03173	5	76
03173	5	77
03173	2	78
0114	5	76
0114	5	77
0114	5	78
0018	2	76
0018	2	77
0018	2	78
0368	5	76
0368	2	77
0368	2	78
03174	5	76
03174	5	77
03174	2	78
03165	5	76
03165	2	77
03165	2	78
03100	2	76
03100	2	77
03100	2	78
03143	2	76
03143	3	77
03143	2	78
0270	2	76
0270	2	77
0270	2	78
0396	2	76
0396	2	77
0396	1	78
0400	2	76
0400	5	77
0400	5	78
0038	2	76
0046	2	76
0038	2	77
0038	2	78
0046	3	77
03127	2	76
03127	2	77
0046	2	78
03127	2	78
0055	2	76
0055	2	77
0055	2	78
0405	2	76
0405	2	77
0405	2	78
03156	2	76
03156	2	77
03156	2	78
0091	2	76
0091	2	77
0091	2	78
0167	2	76
0167	2	77
0167	2	78
0182	2	76
0182	2	77
0182	2	78
0064	2	76
0064	3	77
0064	2	78
0057	2	76
0057	2	77
0057	2	78
0314	2	76
0314	3	77
0314	2	78
0126	2	76
0126	2	77
0126	2	78
0015	2	76
0015	2	77
0015	2	78
0358	2	76
0358	5	77
0358	5	78
0395	2	76
0395	2	77
0395	2	78
0338	2	76
0338	2	77
0338	2	78
0248	2	76
0248	2	77
0248	2	78
0255	2	76
0255	2	77
0255	2	78
0075	2	76
0075	2	77
0075	2	78
0335	2	76
0335	5	77
0335	5	78
03146	2	76
0129	2	76
03146	2	77
03146	3	78
0129	5	77
0129	5	78
0388	2	76
03139	2	76
0388	2	77
03139	2	77
03115	2	76
0213	2	76
0333	2	76
0333	2	77
03118	2	76
0143	2	76
03129	2	76
03115	2	77
0077	2	76
03139	2	78
0077	2	77
03118	3	78
0143	5	77
03129	2	77
0077	2	78
0039	2	76
0039	2	77
0039	2	78
0151	2	76
0151	2	77
0151	2	78
0101	2	76
0101	2	77
0101	2	78
03134	2	76
03134	2	77
0309	2	76
0309	2	77
0309	2	78
0082	2	76
0082	2	77
0082	2	78
0030	2	76
0030	2	77
0365	2	76
0365	2	77
0365	2	78
0363	2	76
0363	2	77
0363	2	78
0399	2	76
0399	2	77
0399	2	78
0089	2	76
0089	2	77
0029	2	76
0029	2	77
0029	2	78
03105	2	76
03105	2	77
03105	2	78
0258	2	76
0258	2	77
0258	2	78
0105	2	76
0105	2	77
0032	2	76
0032	2	77
0032	2	78
0375	2	76
0375	2	77
0375	2	78
03140	2	76
03140	2	77
0333	2	78
03141	2	76
03141	2	77
03141	2	78
0117	2	76
0117	2	77
0117	2	78
0331	2	76
0331	2	77
0331	2	78
0262	2	76
0262	2	77
03160	2	76
03160	2	77
03160	2	78
0259	2	76
0259	2	77
0259	2	78
0366	2	76
0366	2	77
0041	2	76
0041	2	77
0041	2	78
0083	2	76
0083	2	77
0083	2	78
0081	2	76
0081	2	77
0081	2	78
03113	2	76
03113	2	77
0049	2	76
0049	2	77
0049	2	78
0050	2	76
0050	2	77
0050	2	78
0063	2	76
0063	2	77
0052	2	76
03138	2	76
03164	2	76
03164	2	77
03164	2	78
03137	2	76
03137	2	77
03117	2	78
0398	2	76
0398	2	77
03145	2	76
03145	2	77
03137	2	78
0213	2	77
0052	2	77
0052	2	78
0013	2	76
0013	2	77
0349	2	76
0349	2	77
0349	2	78
0005	2	76
0005	2	77
0005	2	78
0291	2	76
0291	2	77
0291	2	78
0230	2	76
0230	2	77
0232	2	76
0232	2	77
0232	2	78
0246	2	76
0246	2	77
0246	2	78
03118	2	77
03138	2	77
03148	2	76
03148	2	77
03148	2	78
03152	2	76
03152	2	77
03152	3	78
0045	2	76
0045	2	77
0045	2	78
0033	2	76
0033	2	77
0003	2	76
0003	2	77
0003	2	78
0154	2	76
0154	2	77
0154	2	78
0160	2	76
0160	2	77
0160	2	78
0162	2	76
0162	2	77
0022	2	76
0022	2	77
0022	2	78
0010	2	76
0010	2	77
0010	2	78
0008	2	76
0008	2	77
0173	2	76
0173	2	77
0173	2	78
0175	2	76
0175	2	77
0175	2	78
0176	2	76
0176	2	77
0176	2	78
0189	2	76
0189	2	77
0196	2	76
0196	2	77
0196	2	78
0261	2	76
0261	2	77
0261	2	78
03124	2	76
03124	2	77
03124	2	78
0392	2	76
0392	2	77
0140	2	76
0140	2	77
0140	2	78
0137	2	76
0137	2	77
0137	2	78
0142	2	76
0142	2	77
0135	2	76
0135	2	77
0135	2	78
0130	2	76
0130	2	77
0130	2	78
0059	2	76
0059	2	77
0059	2	78
0119	2	76
0188	2	78
0119	2	77
0170	2	76
0170	2	77
0170	2	78
0188	2	76
0188	2	77
0193	2	76
0193	2	77
0193	2	78
0195	2	76
0195	2	77
0195	2	78
03114	2	76
03114	2	77
03114	2	78
0009	2	76
0009	2	77
0009	2	78
0134	2	76
0134	2	77
0134	2	78
0071	2	76
0071	2	77
0071	2	78
0304	2	76
0304	2	77
0304	2	78
0209	2	76
0209	2	77
0209	2	78
0253	2	76
0253	2	77
0253	2	78
0299	2	76
0299	2	77
0299	2	78
03111	2	76
03111	2	77
03111	2	78
03121	2	76
03121	2	77
03121	2	78
0350	2	76
0350	2	77
0350	2	78
0377	2	76
0377	2	77
0377	2	78
0383	2	76
0383	2	77
0383	2	78
0006	2	76
0006	2	77
0006	2	78
0384	2	76
0384	2	77
0384	2	78
0165	2	76
0165	2	77
0165	2	78
03128	2	76
03128	2	77
03128	2	78
0128	2	76
0128	2	77
0128	2	78
0202	2	76
0202	2	77
0202	2	78
0280	2	76
0280	2	77
0280	2	78
03116	2	76
03116	2	77
03116	2	78
0385	2	76
0385	2	77
0385	2	78
0194	2	76
0194	2	77
0194	2	78
0201	2	76
0201	2	77
0201	2	78
0277	2	76
0277	2	77
0277	2	78
03159	2	76
03159	2	77
03159	2	78
0376	2	76
0376	2	77
0376	2	78
0381	2	76
0381	2	77
0381	2	78
0276	2	76
0276	2	77
0276	2	78
0116	2	76
0116	2	77
0116	2	78
0161	2	76
0161	2	77
0161	2	78
03104	2	76
03104	2	77
03104	2	78
0211	2	76
0211	2	77
0211	2	78
0023	2	76
0023	2	77
0023	2	78
0072	2	76
0072	2	77
0072	2	78
0119	2	78
0131	2	76
0131	2	77
0131	2	78
0200	2	76
0200	2	77
0200	2	78
0303	2	76
0303	2	77
0303	2	78
0093	2	76
0093	2	77
0093	2	78
\.


--
-- Data for Name: opago; Type: TABLE DATA; Schema: public; Owner: postgres
--

COPY public.opago (id, tpago_id, monto, opago_periodo_id, opago_empleado_id) FROM stdin;
\.


--
-- Data for Name: pago_salario; Type: TABLE DATA; Schema: public; Owner: postgres
--

COPY public.pago_salario (id, sal_devengado, destajo, horast, psalario_empleado_id, psalario_periodo_id) FROM stdin;
15957	4736.28	0	191.2500	0077	76
16203	5052.03	0	204.0000	0077	77
16457	4420.53	0	178.5000	0077	78
16072	4736.28	0	191.2500	03100	76
16317	5052.03	0	204.0000	03100	77
16568	5052.03	0	204.0000	03100	78
15936	0.00	0	0.0000	0039	76
15999	7023.08	0	194.0000	0151	76
16244	7312.69	0	193.0000	0151	77
16496	2859.92	0	79.0000	0151	78
15970	4778.59	0	132.0000	0101	76
16371	1362.01	0	44.0000	03169	77
16619	5448.06	0	176.0000	03169	78
16095	7023.08	0	194.0000	03134	76
16339	5719.83	0	149.0000	03134	77
16589	6045.65	0	167.0000	03134	78
16627	3185.73	0	88.0000	03177	78
16071	7023.08	0	194.0000	0309	76
16316	3801.15	0	96.0000	0309	77
16567	6371.46	0	176.0000	0309	78
15961	9262.33	0	194.0000	0082	76
16207	9644.29	0	193.0000	0082	77
16461	6302.20	0	132.0000	0082	78
15931	7023.08	0	194.0000	0030	76
16178	6986.88	0	184.0000	0030	77
16432	6371.46	0	176.0000	0030	78
16135	8855.19	0	194.0000	0365	76
16390	9220.36	0	193.0000	0365	77
16641	8033.58	0	176.0000	0365	78
16134	5190.98	0	194.0000	0363	76
16389	5405.04	0	193.0000	0363	77
16640	3532.00	0	132.0000	0363	78
16042	6005.25	0	194.0000	0250	76
16287	0.00	0	0.0000	0250	77
16369	4086.04	0	132.0000	03167	77
16617	5448.06	0	176.0000	03167	78
16156	8040.92	0	194.0000	0399	76
16410	8745.54	0	202.0000	0399	77
16661	7294.86	0	176.0000	0399	78
15965	7023.08	0	194.0000	0089	76
16211	7312.69	0	193.0000	0089	77
16465	6371.46	0	176.0000	0089	78
15930	8855.19	0	194.0000	0029	76
16177	9220.36	0	193.0000	0029	77
16431	5660.02	0	124.0000	0029	78
16363	7312.69	0	193.0000	03161	77
16612	6371.46	0	176.0000	03161	78
16368	5719.83	0	158.0000	03166	77
16616	6371.46	0	176.0000	03166	78
16125	6371.46	0	176.0000	0341	76
16380	0.00	0	0.0000	0341	77
16126	0.00	0	0.0000	0345	76
16381	5756.03	0	159.0000	0345	77
16633	0.00	0	0.0000	0345	78
16074	6217.21	0	150.0000	03105	76
16319	8745.54	0	202.0000	03105	77
16570	7294.86	0	176.0000	03105	78
16046	8855.19	0	194.0000	0258	76
16291	7211.96	0	149.0000	0258	77
16542	8033.58	0	176.0000	0258	78
15971	7023.08	0	194.0000	0105	76
16216	7638.51	0	202.0000	0105	77
16470	6371.46	0	176.0000	0105	78
16094	4783.84	0	194.0000	03133	76
16338	2589.19	0	96.0000	03133	77
16588	4339.98	0	176.0000	03133	78
15932	4173.14	0	194.0000	0032	76
16179	2452.26	0	105.0000	0032	77
16433	3785.94	0	176.0000	0032	78
16373	3185.73	0	88.0000	03171	77
16621	6371.46	0	176.0000	03171	78
16374	4381.95	0	96.0000	03172	77
16622	8033.58	0	176.0000	03172	78
16139	4783.84	0	194.0000	0375	76
16394	4981.11	0	193.0000	0375	77
16645	3920.78	0	159.0000	0375	78
16152	4783.84	0	194.0000	0395	76
16407	4981.11	0	193.0000	0395	77
16658	4339.98	0	176.0000	0395	78
16100	7023.08	0	194.0000	03140	76
16344	7312.69	0	193.0000	03140	77
16594	6371.46	0	176.0000	03140	78
16122	8855.19	0	194.0000	0333	76
16377	9220.36	0	193.0000	0333	77
16631	8033.58	0	176.0000	0333	78
16109	0.00	0	0.0000	03150	76
16101	6005.25	0	194.0000	03141	76
16345	6531.48	0	202.0000	03141	77
16595	5448.06	0	176.0000	03141	78
15976	8040.92	0	194.0000	0117	76
16221	3274.39	0	70.0000	0117	77
16475	7294.86	0	176.0000	0117	78
16121	7023.08	0	194.0000	0331	76
16376	7312.69	0	193.0000	0331	77
16630	2859.92	0	79.0000	0331	78
16049	8855.19	0	194.0000	0262	76
16294	9220.36	0	193.0000	0262	77
16545	5249.21	0	115.0000	0262	78
16112	7023.08	0	194.0000	03153	76
16355	7312.69	0	193.0000	03153	77
16604	6371.46	0	176.0000	03153	78
16119	2244.49	0	62.0000	03160	76
16362	7312.69	0	193.0000	03160	77
16611	6371.46	0	176.0000	03160	78
16047	8855.19	0	194.0000	0259	76
16292	9220.36	0	193.0000	0259	77
16543	6025.18	0	132.0000	0259	78
16136	8855.19	0	194.0000	0366	76
16391	7312.69	0	193.0000	0366	77
16642	4778.59	0	132.0000	0366	78
16157	7023.08	0	194.0000	0400	76
16411	0.00	0	0.0000	0400	77
15941	4725.48	0	190.6000	0046	76
16187	5687.79	0	190.6000	0046	77
16441	3452.26	0	140.0000	0046	78
15937	5598.11	0	194.0000	0041	76
16183	5828.96	0	193.0000	0041	77
16437	5078.70	0	176.0000	0041	78
15962	2799.06	0	97.0000	0083	76
16208	5788.38	0	191.5000	0083	77
16462	5078.70	0	176.0000	0083	78
15960	4783.84	0	194.0000	0081	76
16206	4981.11	0	193.0000	0081	77
16460	3254.98	0	132.0000	0081	78
16078	3018.07	0	96.0000	03113	76
16323	6036.14	0	192.0000	03113	77
16573	5780.45	0	184.0000	03113	78
15939	5730.84	0	190.6000	0044	76
16185	6113.93	0	190.6000	0044	77
16439	5815.61	0	190.6000	0044	78
15942	5321.46	0	190.6000	0049	76
16188	5686.03	0	190.6000	0049	77
16442	4976.96	0	190.6000	0049	78
15943	5468.00	0	190.6000	0050	76
16189	5824.59	0	190.6000	0050	77
16443	5323.61	0	190.6000	0050	78
15946	5463.36	0	190.6000	0055	76
16192	2217.06	0	80.2500	0055	77
16446	5286.40	0	190.6000	0055	78
15950	5133.14	0	191.2500	0063	76
16196	5475.35	0	204.0000	0063	77
16450	4790.93	0	178.5000	0063	78
15953	3847.74	0	155.0000	0067	76
16199	5779.08	0	190.6000	0067	77
16453	5061.47	0	190.6000	0067	78
15959	5435.99	0	190.6000	0080	76
16205	6483.04	0	190.6000	0080	77
16459	5439.62	0	190.6000	0080	78
16010	5579.53	0	190.6000	0169	76
16255	5525.58	0	190.6000	0169	77
16507	5345.24	0	190.6000	0169	78
16017	2595.49	0	97.0000	0180	76
16262	5405.04	0	193.0000	0180	77
16514	5261.74	0	190.6000	0180	78
16050	8855.19	0	194.0000	0263	76
16295	9220.36	0	193.0000	0263	77
16546	8033.58	0	176.0000	0263	78
16053	6036.14	0	192.0000	0274	76
16298	5780.45	0	184.0000	0274	77
16549	3310.56	0	104.0000	0274	78
16058	7023.08	0	194.0000	0283	76
16303	7638.51	0	202.0000	0283	77
16554	3801.15	0	105.0000	0283	78
16060	5935.87	0	191.2500	0290	76
16305	6331.60	0	204.0000	0290	77
16556	5540.15	0	178.5000	0290	78
16063	4577.97	0	170.5000	0294	76
16308	3631.17	0	125.0000	0294	77
16559	5656.92	0	190.6000	0294	78
16084	5537.31	0	176.0000	03119	76
16328	2263.55	0	72.0000	03119	77
16578	5281.62	0	168.0000	03119	78
16102	4767.83	0	190.6000	03142	76
16346	5752.52	0	190.6000	03142	77
16596	4767.83	0	190.6000	03142	78
16103	5545.91	0	190.6000	03143	76
16347	6491.96	0	190.6000	03143	77
16597	6120.68	0	190.6000	03143	78
16107	5943.31	0	190.6000	03147	76
16351	5584.26	0	190.6000	03147	77
16600	5771.79	0	190.6000	03147	78
16113	5935.87	0	191.2500	03154	76
16356	6330.54	0	191.2500	03154	77
16605	6331.60	0	204.0000	03154	78
16131	5476.42	0	190.6000	0354	76
16386	6420.09	0	190.6000	0354	77
16638	6042.86	0	190.6000	0354	78
16137	8040.92	0	194.0000	0369	76
16393	8745.54	0	202.0000	0369	77
16644	7294.86	0	176.0000	0369	78
16142	5943.34	0	192.0000	0378	76
16397	4528.98	0	186.0000	0378	77
16648	5448.06	0	176.0000	0378	78
16148	3516.90	0	112.0000	0388	76
16403	5784.95	0	176.0000	0388	77
16654	6036.14	0	192.0000	0388	78
16093	5664.05	0	190.6000	03131	76
16337	6199.13	0	190.6000	03131	77
16587	5004.24	0	190.6000	03131	78
16051	5660.02	0	124.0000	0264	76
16296	9220.36	0	193.0000	0264	77
16547	8033.58	0	176.0000	0264	78
16124	4390.14	0	114.0000	0338	76
16379	6084.58	0	149.0000	0338	77
16632	6777.76	0	176.0000	0338	78
15964	7023.08	0	194.0000	0087	76
16210	5719.83	0	149.0000	0087	77
16464	6371.46	0	176.0000	0087	78
16625	8085.82	3007.12	176.0000	03175	78
16138	0.00	0	0.0000	0373	76
16098	18710.98	11687.90	194.0000	03139	76
16342	13522.26	6212.08	193.0000	03139	77
16592	12530.10	6158.64	176.0000	03139	78
16110	4736.28	0	191.2500	03151	76
16353	5050.68	0	191.2500	03151	77
16602	4420.53	0	178.5000	03151	78
16116	7176.47	3107.74	141.0000	03157	76
16359	12326.12	6352.67	193.0000	03157	77
16608	9527.58	4448.88	176.0000	03157	78
16120	11647.84	5642.59	194.0000	0321	76
16375	17844.43	11538.10	193.0000	0321	77
16629	16027.73	10579.67	176.0000	0321	78
15963	14414.64	6984.42	194.0000	0086	76
16209	6578.68	0	158.0000	0086	77
16463	6740.82	0	176.0000	0086	78
15986	5935.87	0	191.2500	0133	76
16231	6330.54	0	191.2500	0133	77
16484	6331.60	0	204.0000	0133	78
16160	6397.67	1754.44	150.0000	0405	76
16414	10868.80	4541.54	193.0000	0405	77
16664	7716.92	2268.86	176.0000	0405	78
16041	9856.19	3850.94	194.0000	0249	76
16286	5287.04	1614.89	106.0000	0249	77
16538	4322.57	2434.32	61.0000	0249	78
15974	5935.87	0	191.2500	0115	76
16219	6331.60	0	204.0000	0115	77
16473	4352.97	0	140.2500	0115	78
15923	13513.73	7508.48	194.0000	0014	76
16169	10849.95	6478.62	122.0000	0014	77
16423	923.16	644.57	9.0000	0014	78
15966	16999.03	9975.95	194.0000	0090	76
16212	16960.97	9637.31	193.0000	0090	77
16466	9726.95	5925.80	105.0000	0090	78
16038	8397.73	2457.36	191.2500	0235	76
16283	5209.95	446.29	140.2500	0235	77
16535	6126.73	2166.48	127.5000	0235	78
16040	13239.33	7234.08	194.0000	0248	76
16285	16218.34	11129.93	149.0000	0248	77
16537	12707.05	7258.99	176.0000	0248	78
16082	6250.34	652.23	194.0000	03117	76
16326	7868.48	3249.26	140.0000	03117	77
16576	9359.23	3911.17	176.0000	03117	78
16155	9147.14	3549.03	194.0000	0398	76
16409	6760.20	2104.82	140.0000	0398	77
16660	4040.19	-1407.87	176.0000	0398	78
16105	4783.84	0	194.0000	03145	76
16349	5465.19	2266.74	97.0000	03145	77
16096	17750.17	11744.92	194.0000	03137	76
16340	18747.80	12248.91	193.0000	03137	77
16590	12250.90	8164.86	132.0000	03137	78
16052	6967.03	1776.05	194.0000	0270	76
16297	8777.58	3359.26	193.0000	0270	77
16548	4127.85	595.85	132.0000	0270	78
16035	6059.14	118.77	191.2500	0213	76
16280	16141.20	9526.21	204.0000	0213	77
16532	4493.55	533.30	127.5000	0213	78
15944	5684.99	0	190.6000	0052	76
16190	5912.44	0	190.6000	0052	77
16444	5305.99	0	190.6000	0052	78
15922	3959.48	0	168.0000	0013	76
16168	2629.52	0	96.0000	0013	77
16422	4625.63	0	198.0000	0013	78
16127	1927.29	0	80.5000	0349	76
16382	4904.27	0	194.0000	0349	77
16634	4525.12	0	192.0000	0349	78
15917	3393.84	0	144.0000	0005	76
16163	0.00	0	0.0000	0005	77
16417	2069.83	0	88.0000	0005	78
16061	4525.12	0	192.0000	0291	76
16306	4332.39	0	184.0000	0291	77
16557	4152.21	0	176.0000	0291	78
16115	4173.14	-1424.97	194.0000	03156	76
16358	9495.13	4014.75	184.0000	03156	77
16607	4256.05	-822.65	176.0000	03156	78
15938	25909.16	19903.91	194.0000	0043	76
16184	18286.22	11544.50	193.0000	0043	77
16438	14444.76	8996.70	176.0000	0043	78
16036	9016.15	1993.07	194.0000	0230	76
16281	11368.84	4043.50	193.0000	0230	77
16533	7122.56	751.10	176.0000	0230	78
16037	5819.52	1341.03	194.0000	0232	76
16282	7390.24	2664.21	193.0000	0232	77
16534	4597.29	534.33	176.0000	0232	78
16039	2391.92	0	97.0000	0246	76
16284	4981.11	0	193.0000	0246	77
16536	4339.98	0	176.0000	0246	78
16083	1140.08	-389.30	53.0000	03118	76
16327	8319.29	2520.04	193.0000	03118	77
16577	5701.88	882.89	167.0000	03118	78
16097	9692.67	4094.56	194.0000	03138	76
16341	9835.42	3997.93	193.0000	03138	77
16591	8723.88	3904.89	167.0000	03138	78
16104	4178.17	628.85	123.0000	03144	76
16348	6648.03	836.31	193.0000	03144	77
16598	946.48	-323.19	44.0000	03144	78
16106	5476.45	-121.66	194.0000	03146	76
16350	5517.78	520.52	166.0000	03146	77
16599	752.89	-257.08	35.0000	03146	78
16108	13758.07	7752.82	194.0000	03148	76
16352	20102.48	13719.94	193.0000	03148	77
16601	14857.47	9440.37	175.0000	03148	78
16111	16727.71	10722.46	194.0000	03152	76
16354	15777.58	9184.27	193.0000	03152	77
16603	15395.07	10473.24	159.0000	03152	78
16366	3958.03	-1351.52	184.0000	03164	77
16614	1402.39	-126.99	53.0000	03164	78
16626	3567.75	18.43	123.0000	03176 	78
16628	1312.17	-448.06	61.0000	03178	78
16153	18911.71	13711.29	168.0000	0396	76
16408	23008.16	17560.10	176.0000	0396	77
16659	15574.28	10126.22	176.0000	0396	78
15967	9138.03	4427.12	123.0000	0091	76
16213	7917.70	0	193.0000	0091	77
16467	5055.61	0	132.0000	0091	78
15940	6421.14	0	190.6000	0045	76
16186	6615.13	0	190.6000	0045	77
16440	4901.74	0	183.0000	0045	78
15933	1720.88	0	80.0000	0033	76
16180	4345.23	0	193.0000	0033	77
16434	3785.94	0	176.0000	0033	78
15916	3249.22	0	140.2500	0003	76
16162	4725.09	0	191.2500	0003	77
16416	4726.14	0	204.0000	0003	78
16000	3249.22	0	140.2500	0154	76
16245	4725.09	0	191.2500	0154	77
16497	4726.14	0	204.0000	0154	78
16004	4790.78	0	178.5000	0160	76
16249	5475.35	0	204.0000	0160	77
16501	5133.14	0	191.2500	0160	78
16006	5475.35	0	204.0000	0162	76
16251	2395.47	0	89.2500	0162	77
16503	5133.14	0	191.2500	0162	78
15929	4790.05	0	200.0000	0025	76
16175	2232.63	0	93.2500	0025	77
16429	4484.72	0	187.2500	0025	78
15927	3249.22	0	140.2500	0022	76
16173	4726.14	0	204.0000	0022	77
16427	4135.37	0	178.5000	0022	78
15921	4369.96	0	182.5000	0010	76
16167	4473.71	0	174.5000	0010	77
16421	3453.96	0	144.2500	0010	78
15919	4430.76	0	191.2500	0008	76
16165	3544.60	0	153.0000	0008	77
16419	4135.37	0	178.5000	0008	78
16007	3764.30	0	140.2500	0163	76
16252	5475.35	0	204.0000	0163	77
16504	4790.93	0	178.5000	0163	78
16009	5133.14	0	191.2500	0167	76
16254	5475.35	0	204.0000	0167	77
16506	4790.93	0	178.5000	0167	78
16013	4430.76	0	191.2500	0173	76
16258	4726.14	0	204.0000	0173	77
16510	3544.60	0	153.0000	0173	78
16014	4369.96	0	182.5000	0175	76
16259	3252.38	0	123.5000	0175	77
16511	4675.30	0	195.2500	0175	78
16015	5133.14	0	191.2500	0176	76
16260	3421.05	0	114.7500	0176	77
16512	5475.35	0	204.0000	0176	78
16018	5133.14	0	191.2500	0182	76
16263	5474.30	0	191.2500	0182	77
16515	5475.35	0	204.0000	0182	78
16019	4430.76	0	191.2500	0183	76
16264	4725.09	0	191.2500	0183	77
16516	4726.14	0	204.0000	0183	78
16021	4790.05	0	200.0000	0189	76
16266	2843.29	0	118.7500	0189	77
16518	4484.72	0	187.2500	0189	78
16025	4430.76	0	191.2500	0196	76
16270	4725.09	0	191.2500	0196	77
16522	4726.14	0	204.0000	0196	78
16048	6532.00	0	150.0000	0261	76
16293	8796.43	0	193.0000	0261	77
16544	7664.22	0	176.0000	0261	78
16054	4741.33	0	149.0000	0275	76
16299	6211.89	0	195.2500	0275	77
16550	5958.35	0	187.2500	0275	78
16059	5133.14	0	191.2500	0285	76
16304	5474.30	0	191.2500	0285	77
16555	5579.95	0	178.5000	0285	78
16088	4369.96	0	182.5000	03124	76
16332	4480.61	0	174.5000	03124	77
16582	3053.34	0	127.5000	03124	78
16089	9126.00	3527.89	194.0000	03126	76
16333	7690.84	2826.47	199.5000	03126	77
16583	2953.84	0	127.5000	03126	78
16372	590.77	0	25.5000	03170	77
16620	4726.14	0	204.0000	03170	78
16150	2137.34	0	89.2500	0392	76
16405	4550.16	0	191.2500	0392	77
16656	4675.30	0	195.2500	0392	78
15991	4352.97	0	140.2500	0140	76
16236	6330.54	0	191.2500	0140	77
16489	6331.60	0	204.0000	0140	78
15990	4748.70	0	153.0000	0137	76
16235	6331.60	0	204.0000	0137	77
16488	5540.15	0	178.5000	0137	78
15993	5935.87	0	191.2500	0142	76
16238	4747.64	0	140.2500	0142	77
16491	4748.70	0	153.0000	0142	78
15989	5935.87	0	191.2500	0136	76
16234	4747.64	0	140.2500	0136	77
16487	6331.60	0	204.0000	0136	78
15988	5935.87	0	191.2500	0135	76
16233	6331.60	0	204.0000	0135	77
16486	3165.80	0	102.0000	0135	78
15984	5935.87	0	191.2500	0130	76
16229	6331.60	0	204.0000	0130	77
16482	4748.70	0	153.0000	0130	78
16001	4430.76	0	191.2500	0156	76
16246	4726.14	0	204.0000	0156	77
16498	4135.37	0	178.5000	0156	78
15978	5935.87	0	191.2500	0120	76
16223	6331.60	0	204.0000	0120	77
16477	5540.15	0	178.5000	0120	78
15948	4430.76	0	191.2500	0059	76
16194	3544.60	0	153.0000	0059	77
16448	2953.84	0	127.5000	0059	78
15969	5806.22	0	182.5000	0096	76
16215	4324.65	0	123.5000	0096	77
16469	6211.89	0	195.2500	0096	78
15958	5939.32	0	191.2500	0078	76
16204	4767.54	0	140.2500	0078	77
16458	5540.15	0	178.5000	0078	78
15951	3067.02	0	123.2500	0064	76
16197	6046.61	0	190.6000	0064	77
16451	5912.64	0	190.6000	0064	78
15949	3544.60	0	153.0000	0062	76
16195	4726.14	0	204.0000	0062	77
16449	4135.37	0	178.5000	0062	78
15947	2953.84	0	127.5000	0057	76
16193	4135.37	0	178.5000	0057	77
16447	4726.14	0	204.0000	0057	78
16064	5855.24	0	190.6000	0297	76
16309	6126.51	0	190.6000	0297	77
16560	2220.88	0	83.0000	0297	78
16012	5475.35	0	204.0000	0172	76
16257	5816.51	0	204.0000	0172	77
16509	5475.35	0	204.0000	0172	78
16065	7958.03	0	192.0000	0298	76
16310	8621.19	0	200.0000	0298	77
16561	7294.86	0	176.0000	0298	78
16067	3957.25	0	127.5000	0302	76
16312	5935.87	0	191.2500	0302	77
16563	5540.15	0	178.5000	0302	78
15952	5935.87	0	191.2500	0066	76
16198	6331.60	0	204.0000	0066	77
16452	2374.35	0	76.5000	0066	78
15945	4369.96	0	182.5000	0053	76
16191	2641.71	0	98.0000	0053	77
16445	4885.34	0	204.0000	0053	78
15934	4173.14	0	194.0000	0034	76
16181	3205.14	0	149.0000	0034	77
16435	3033.05	0	141.0000	0034	78
16176	4241.34	0	172.0000	0026	77
16430	4438.61	0	180.0000	0026	78
16070	4790.93	0	178.5000	0307	76
16315	2737.68	0	102.0000	0307	77
16566	5133.14	0	191.2500	0307	78
16031	8229.47	2286.13	192.0000	0208	76
16276	6707.14	503.39	192.0000	0208	77
16528	1278.85	659.75	20.0000	0208	78
15915	2828.20	0	120.0000	0001	76
16161	3766.75	0	160.0000	0001	77
16415	4152.21	0	176.0000	0001	78
15979	8448.06	0	194.0000	0121	76
16224	8796.43	0	193.0000	0121	77
16478	4572.40	0	105.0000	0121	78
16117	2442.67	0	102.0000	03158	76
16360	4977.68	0	204.0000	03158	77
16609	4369.96	0	182.5000	03158	78
16034	7679.71	1674.46	194.0000	0212	76
16279	6291.27	2784.80	105.0000	0212	77
16531	4105.37	-1342.69	176.0000	0212	78
15972	4352.97	0	140.2500	0113	76
16217	6331.60	0	204.0000	0113	77
16471	5540.15	0	178.5000	0113	78
15992	5935.87	0	191.2500	0141	76
16237	6330.54	0	191.2500	0141	77
16490	6331.60	0	204.0000	0141	78
16003	4790.93	0	178.5000	0159	76
16248	5475.35	0	204.0000	0159	77
16500	4790.93	0	178.5000	0159	78
16016	5133.14	0	191.2500	0177	76
16261	5474.30	0	191.2500	0177	77
16513	0.00	0	0.0000	0177	78
16027	5356.24	0	123.0000	0199	76
16272	8796.43	0	193.0000	0199	77
16524	7664.22	0	176.0000	0199	78
16062	4601.35	0	193.0000	0293	76
16307	4517.00	0	182.0000	0293	77
16558	4675.30	0	195.2500	0293	78
16099	4152.21	0	176.0000	0314	76
16343	3393.84	0	144.0000	0314	77
16593	3959.48	0	168.0000	0314	78
16129	5133.14	0	191.2500	0351	76
16384	5474.30	0	191.2500	0351	77
16636	5475.35	0	204.0000	0351	78
16130	2395.47	0	89.2500	0353	76
16385	5475.35	0	204.0000	0353	77
16637	4790.93	0	178.5000	0353	78
15995	2770.07	0	89.2500	0145	76
16240	6330.54	0	191.2500	0145	77
16492	6331.60	0	204.0000	0145	78
15996	5935.87	0	191.2500	0146	76
16241	6331.60	0	204.0000	0146	77
16493	5540.15	0	178.5000	0146	78
16011	5133.14	0	191.2500	0170	76
16256	5475.35	0	204.0000	0170	77
16508	4790.93	0	178.5000	0170	78
16020	5133.14	0	191.2500	0188	76
16265	5474.30	0	191.2500	0188	77
16517	5475.35	0	204.0000	0188	78
16022	5133.14	0	191.2500	0193	76
16267	2737.68	0	102.0000	0193	77
16519	4790.93	0	178.5000	0193	78
16024	5935.87	0	191.2500	0195	76
16269	6330.54	0	191.2500	0195	77
16521	6331.60	0	204.0000	0195	78
16026	8448.06	0	194.0000	0197	76
16271	8796.43	0	193.0000	0197	77
16523	7664.22	0	176.0000	0197	78
16079	0.00	0	0.0000	03114	76
16364	6331.60	0	204.0000	03162	77
16613	5540.15	0	178.5000	03162	78
16365	3053.34	0	127.5000	03163	77
15920	4790.05	0	200.0000	0009	76
16166	5084.38	0	200.0000	0009	77
16420	4675.30	0	195.2500	0009	78
15987	2770.07	0	89.2500	0134	76
16232	6330.54	0	191.2500	0134	77
16485	6331.60	0	204.0000	0134	78
15994	3165.80	0	102.0000	0143	76
16239	0.00	0	0.0000	0143	77
15954	5475.35	0	204.0000	0071	76
16200	2737.68	0	102.0000	0071	77
16454	5133.14	0	191.2500	0071	78
16069	5988.14	44.80	192.0000	0304	76
16314	7358.45	922.65	200.0000	0304	77
16565	2704.33	104.12	84.0000	0304	78
16032	3165.80	0	102.0000	0209	76
16277	5935.87	0	191.2500	0209	77
16529	5935.87	0	191.2500	0209	78
16044	4595.70	0	195.2500	0253	76
16289	4913.04	0	200.0000	0253	77
16540	4594.55	0	195.2500	0253	78
16045	6363.80	0	204.0000	0255	76
16290	5935.87	0	191.2500	0255	77
16541	5935.87	0	191.2500	0255	78
16066	5475.35	0	204.0000	0299	76
16311	5133.14	0	191.2500	0299	77
16562	2737.68	0	102.0000	0299	78
16077	2097.54	0	89.2500	03111	76
16322	5100.07	0	204.0000	03111	77
16572	4500.41	0	191.2500	03111	78
16086	4790.93	0	178.5000	03121	76
16330	3763.25	0	127.5000	03121	77
16580	5133.14	0	191.2500	03121	78
16128	5540.15	0	178.5000	0350	76
16383	6726.27	0	204.0000	0350	77
16635	5935.87	0	191.2500	0350	78
16141	5540.15	0	178.5000	0377	76
16396	6726.27	0	204.0000	0377	77
16647	5935.87	0	191.2500	0377	78
16151	4790.93	0	178.5000	0393	76
16406	5816.51	0	204.0000	0393	77
16657	5133.14	0	191.2500	0393	78
16144	3508.92	0	152.0000	0383	76
16399	4801.68	0	200.0000	0383	77
16650	4155.30	0	180.0000	0383	78
15918	3759.29	0	157.0000	0006	76
16164	5084.38	0	200.0000	0006	77
16418	4675.30	0	195.2500	0006	78
16145	5133.14	0	191.2500	0384	76
16400	4105.46	0	140.2500	0384	77
16651	5475.35	0	204.0000	0384	78
16008	4106.51	0	153.0000	0165	76
16253	5475.35	0	204.0000	0165	77
16505	4790.93	0	178.5000	0165	78
16091	4790.05	0	200.0000	03128	76
16335	2843.29	0	118.7500	03128	77
16585	4484.72	0	187.2500	03128	78
15982	3838.41	0	124.0000	0128	76
16227	6438.62	0	200.0000	0128	77
16481	5571.88	0	180.0000	0128	78
15980	4224.03	0	97.0000	0125	76
16225	8796.43	0	193.0000	0125	77
16479	7664.22	0	176.0000	0125	78
16080	5137.46	0	190.6000	03115	76
16324	5351.52	0	192.0000	03115	77
16574	4816.37	0	180.0000	03115	78
16030	5943.34	0	192.0000	0202	76
16275	6190.98	0	192.0000	0202	77
16527	5571.88	0	180.0000	0202	78
16158	5943.34	0	192.0000	0401	76
16412	4828.96	0	148.0000	0401	77
16662	5571.88	0	180.0000	0401	78
15956	5137.46	0	192.0000	0075	76
16202	2782.79	0	104.0000	0075	77
16456	4816.37	0	180.0000	0075	78
16076	5748.16	0	132.0000	03110	76
16321	5007.87	0	115.0000	03110	77
16057	2971.67	0	96.0000	0280	76
16302	6438.62	0	200.0000	0280	77
16553	5571.88	0	180.0000	0280	78
16081	2450.46	0	91.5800	03116	76
16325	6519.08	0	190.6000	03116	77
16575	6392.28	0	190.6000	03116	78
16146	5434.16	-106.24	192.0000	0385	76
16401	4528.39	-1469.05	200.0000	0385	77
16652	5929.95	735.83	180.0000	0385	78
16023	5137.46	0	192.0000	0194	76
16268	5565.58	0	200.0000	0194	77
16520	4816.37	0	180.0000	0194	78
16029	8895.91	0	194.0000	0201	76
16274	1192.23	0	26.0000	0201	77
16526	1192.23	0	26.0000	0201	78
16056	5943.34	0	192.0000	0277	76
16301	6438.62	0	200.0000	0277	77
16552	5571.88	0	180.0000	0277	78
16118	2442.67	0	102.0000	03159	76
16361	4977.68	0	204.0000	03159	77
16610	4369.96	0	182.5000	03159	78
16623	5540.15	0	178.5000	03173	78
16123	4490.49	0	187.5000	0335	76
16378	0.00	0	0.0000	0335	77
16140	4675.30	0	195.2500	0376	76
16395	4782.00	0	191.2500	0376	77
16646	4790.05	0	200.0000	0376	78
16143	5475.35	0	204.0000	0381	76
16398	5133.14	0	191.2500	0381	77
16649	5133.14	0	191.2500	0381	78
16055	6331.60	0	204.0000	0276	76
16300	5935.87	0	191.2500	0276	77
16551	5935.87	0	191.2500	0276	78
15983	2770.07	0	89.2500	0129	76
16228	0.00	0	0.0000	0129	77
15981	8448.06	0	194.0000	0126	76
16226	8796.43	0	193.0000	0126	77
16480	7664.22	0	176.0000	0126	78
15975	5540.15	0	178.5000	0116	76
16220	6726.27	0	204.0000	0116	77
16474	5935.87	0	191.2500	0116	78
15973	0.00	0	0.0000	0114	76
16218	0.00	0	0.0000	0114	77
16472	0.00	0	0.0000	0114	78
16005	3020.52	0	112.7500	0161	76
16250	6209.79	0	190.6000	0161	77
16502	6006.65	0	190.6000	0161	78
16073	6331.60	0	204.0000	03104	76
16318	6726.27	0	204.0000	03104	77
16569	5935.87	0	191.2500	03104	78
16114	5540.15	0	178.5000	03155	76
16357	5935.87	0	191.2500	03155	77
16606	5935.87	0	191.2500	03155	78
16033	10207.19	4263.85	192.0000	0211	76
16278	6888.61	1943.63	148.0000	0211	77
16530	7461.34	1889.46	180.0000	0211	78
15925	4332.39	0	184.0000	0018	76
16171	3205.61	0	128.0000	0018	77
16425	3393.84	0	144.0000	0018	78
15928	1696.92	0	72.0000	0023	76
16174	4525.12	0	192.0000	0023	77
16428	4332.39	0	184.0000	0023	78
15955	5195.23	0	190.6000	0072	76
16201	5627.83	0	190.6000	0072	77
16455	5166.32	0	190.6000	0072	78
15977	5935.87	0	191.2500	0119	76
16222	3165.80	0	102.0000	0119	77
16476	6331.60	0	204.0000	0119	78
15985	5935.87	0	191.2500	0131	76
16230	6331.60	0	204.0000	0131	77
16483	5540.15	0	178.5000	0131	78
15998	4748.70	0	153.0000	0149	76
16243	6726.27	0	204.0000	0149	77
16495	5935.87	0	191.2500	0149	78
16028	8448.06	0	194.0000	0200	76
16273	8796.43	0	193.0000	0200	77
16525	5748.16	0	132.0000	0200	78
16068	3959.48	0	168.0000	0303	76
16313	3959.48	0	168.0000	0303	77
16564	565.64	0	24.0000	0303	78
16392	2761.80	0	112.0000	0368	77
16643	4438.61	0	180.0000	0368	78
15924	4135.37	0	178.5000	0015	76
16170	3838.93	0	153.0000	0015	77
16424	4448.26	0	191.2500	0015	78
15968	7023.08	0	194.0000	0093	76
16214	7312.69	0	193.0000	0093	77
16468	6371.46	0	176.0000	0093	78
16087	4696.00	0	190.0000	03122	76
16331	2524.66	0	89.2500	03122	77
16581	5052.03	0	204.0000	03122	78
16132	0.00	0	0.0000	0358	76
16387	0.00	0	0.0000	0358	77
15935	18696.04	15896.98	97.0000	0038	76
16182	10061.54	4102.22	193.0000	0038	77
16436	8438.79	3360.09	176.0000	0038	78
16154	0.00	0	0.0000	0397	76
16149	15506.02	10862.79	150.0000	0389	76
16404	9989.90	3402.61	193.0000	0389	77
16655	18680.44	13510.98	167.0000	0389	78
16002	4430.76	0	191.2500	0158	76
16247	4725.09	0	191.2500	0158	77
16499	2953.84	0	127.5000	0158	78
15997	4352.97	0	140.2500	0148	76
16242	6330.54	0	191.2500	0148	77
16494	4748.70	0	153.0000	0148	78
16370	2262.56	0	96.0000	03168	77
16618	4484.72	0	187.2500	03168	78
16624	4274.67	0	178.5000	03174	78
16075	5943.34	0	192.0000	03108	76
16320	6438.62	0	200.0000	03108	77
16571	5571.88	0	180.0000	03108	78
16367	4369.96	0	182.5000	03165	77
16615	4790.05	0	200.0000	03165	78
15926	3959.48	0	168.0000	0021	76
16172	2631.92	0	96.0000	0021	77
16426	4331.24	0	184.0000	0021	78
16147	1832.00	0	76.5000	0387	76
16402	5179.67	0	204.0000	0387	77
16653	4369.96	0	182.5000	0387	78
16133	4790.05	0	200.0000	0361	76
16388	4675.30	0	195.2500	0361	77
16639	0.00	0	0.0000	0361	78
16092	3591.26	0	150.7500	03129	76
16336	4780.85	0	191.2500	03129	77
16586	2347.38	0	98.0000	03129	78
16090	4885.34	0	204.0000	03127	76
16334	4780.85	0	191.2500	03127	77
16584	4790.05	0	200.0000	03127	78
16085	4726.14	0	204.0000	03120	76
16329	4430.76	0	191.2500	03120	77
16579	2067.69	0	89.2500	03120	78
16043	4484.72	0	187.2500	0252	76
16288	4977.68	0	204.0000	0252	77
16539	4369.96	0	182.5000	0252	78
16159	7023.08	0	194.0000	0402	76
16413	6697.27	0	176.0000	0402	77
16663	4778.59	0	132.0000	0402	78
\.


--
-- Data for Name: periodo; Type: TABLE DATA; Schema: public; Owner: postgres
--

COPY public.periodo (id, mes, ordent, fechainicio, fechafin) FROM stdin;
76	Abril	4	2024-04-01	2024-04-30
77	Mayo	5	2024-05-01	2024-05-31
78	Junio	6	2024-06-01	2024-06-30
75	Marzo	3	2024-03-01	2024-03-31
\.


--
-- Data for Name: resumen_calculo_utilidades; Type: TABLE DATA; Schema: public; Owner: postgres
--

COPY public.resumen_calculo_utilidades (id, resumen_empleado_id, resumen_utilidadesd_id, mtvacaciones, mtsalario, horastt, coeficienteeva_utilidades, descrip_coeficiente, devengado) FROM stdin;
22704	0082	40	1855.09	25208.82	519.00	4.0		167260.07
22705	0030	40	281.96	20381.42	554.00	4.0		127703.59
22706	03177	40	0	3185.73	88.00	4.0		19688.41
22707	0365	40	0	26109.13	563.00	4.0		161359.35
22708	0363	40	1056.52	14128.02	519.00	4.0		93843.32
22709	0309	40	3374.40	17195.69	466.00	4.0		127127.04
22710	0093	40	0	20707.23	563.00	4.0		127974.59
22711	0250	40	0	6005.25	194.00	4.0		37113.57
22712	03167	40	0	9534.10	308.00	4.0		58922.53
22713	0399	40	0	24081.32	572.00	4.0		148827.1
22714	0089	40	0	20707.23	563.00	4.0		127974.59
22715	0029	40	2526.78	23735.57	511.00	4.0		162306.28
22716	03166	40	0	12091.29	334.00	4.0		74726.45
22717	03161	40	0	13684.15	369.00	4.0		84570.63
22718	0341	40	0	6371.46	176.00	2.0		0.0
22719	0345	40	5152.47	5756.03	159.00	3.3333333333333335		56180.49
22720	03105	40	1978.20	22257.61	528.00	4.0		149781.88
22721	0258	40	1805.60	24100.73	519.00	4.0		160106.01
22722	0105	40	0	21033.05	572.00	4.0		129988.22
22723	03172	40	0	12415.53	272.00	4.0		76730.31
22724	03133	40	2311.41	11713.01	466.00	4.0		86673.56
22725	0032	40	1654.60	10411.34	475.00	4.0		74569.78
22726	03171	40	0	9557.19	264.00	4.0		59065.23
22727	0375	40	0	13685.73	546.00	4.0		84580.39
22728	0395	40	0	14104.93	563.00	4.0		87171.13
22729	03140	40	0	20707.23	563.00	4.0		127974.59
22730	0117	40	5219.28	18610.17	440.00	4.0		147270.5
22731	03169	40	0	6810.07	220.00	4.0		42087.51
22732	0333	40	0	26109.13	563.00	4.0		161359.35
22733	03150	40	0	0.00	0.00	4.0		0.0
22734	03141	40	0	17984.79	572.00	4.0		111149.39
22735	0262	40	2846.64	23324.76	502.00	4.0		161744.19
22736	03153	40	0	20707.23	563.00	4.0		127974.59
22737	0101	40	0	4778.59	132.00	4.0		29532.58
22738	03160	40	0	15928.64	431.00	4.0		98442.0
22739	0331	40	3407.07	17195.69	466.00	4.0		127328.94
22740	0041	40	0	16505.77	563.00	4.0		102008.77
22741	0259	40	1775.74	24100.73	519.00	4.0		159921.47
22742	0366	40	1738.55	20946.47	519.00	4.0		140197.7
22743	0400	40	0	7023.08	194.00	4.0		43403.96
22744	0046	40	413.51	13865.53	521.20	3.6666666666666665		80893.23
22745	03122	40	2126.94	12272.69	483.25	4.0		88992.43
22746	0081	40	962.90	13019.93	519.00	4.0		86416.52
22747	0083	40	2707.90	13666.14	464.50	4.0		101194.65
22748	0077	40	0	14208.84	573.75	4.0		87813.31
22749	0290	40	0	17807.62	573.75	4.0		110054.45
22750	0358	40	1793.28	0.00	0.00	4.0		11082.8
22751	03113	40	1999.26	14834.66	472.00	4.0		104036.8
22752	0044	40	0	17660.38	571.80	4.0		109144.48
22753	0049	40	0	15984.45	571.80	4.0		98786.91
22754	0050	40	0	16616.20	571.80	4.0		102691.25
22755	0055	40	2606.78	12966.82	461.45	4.0		96247.78
22756	0063	40	0	15399.42	573.75	4.0		95171.32
22757	0067	40	1514.55	14688.29	536.20	4.0		100136.61
22758	0080	40	0	17358.65	571.80	4.0		107279.73
22759	0169	40	0	16450.35	571.80	4.0		101666.26
22760	0180	40	2459.28	13262.27	480.60	4.0		97162.14
22761	0263	40	0	26109.13	563.00	4.0		161359.35
22762	0274	40	1938.81	15127.15	480.00	4.0		105470.85
22763	0283	40	2269.26	18462.74	501.00	4.0		128127.67
22764	0294	40	1113.21	13866.06	486.10	3.6666666666666665		84860.15
22765	03119	40	3644.64	13082.48	416.00	4.0		103376.76
22766	03142	40	0	15288.18	571.80	4.0		94483.83
22767	03143	40	0	18158.55	571.80	3.6666666666666665		102871.32
22768	03147	40	0	17299.36	571.80	4.0		106913.31
22769	03154	40	0	18598.01	586.50	4.0		114939.21
22770	0354	40	0	17939.37	571.80	4.0		110868.69
22771	0369	40	0	24081.32	572.00	4.0		148827.1
22772	0378	40	242.62	15920.38	554.00	4.0		99890.39
22773	0388	40	2698.21	15337.99	480.00	4.0		111467.12
22774	03131	40	0	16867.42	571.80	3.3333333333333335		86869.86
22775	03134	40	1723.59	18788.56	510.00	4.0		126768.96
22776	0338	40	1819.81	17252.48	439.00	4.0		117870.35
22777	0087	40	1708.95	19114.37	519.00	4.333333333333333		139416.38
22778	0264	40	2842.26	22913.96	493.00	4.0		159178.3
22779	0151	40	3416.91	17195.69	466.00	4.0		127389.76
22780	03151	40	0	14207.49	561.00	4.0		87804.97
22781	03157	40	0	15120.88	510.00	4.0		93449.89
22782	0038	40	2770.2	13837.08	466.00	4.0		102636.12
22783	0086	40	1532.0	20749.72	528.00	4.0		137705.23
22784	03100	40	0	14840.34	599.25	4.0		91716.1
22785	0321	40	0	17759.64	563.00	4.0		109757.92
22786	0039	40	0	0.00	0.00	4.0		0.0
22787	03175	40	0	5078.70	176.00	4.0		31387.32
22788	0373	40	0	0.00	0.00	0		0.0
22789	03139	40	0	20704.72	563.00	4.0		127959.07
22790	0397	40	0	0.00	0.00	0		0.0
22791	0349	40	2096.14	11356.68	466.50	4.0		83140.96
22792	0005	40	3145.57	5463.67	232.00	4.0		53206.72
22793	0291	40	0	13009.72	552.00	4.0		80402.52
22794	0013	40	2082.90	11214.63	462.00	4.0		82181.24
22795	03144	40	0	10630.71	360.00	3.6666666666666665		60224.81
22796	03146	40	0	11605.34	395.00	3.6666666666666665		65746.25
22797	03148	40	0	17804.89	562.00	4.0		110037.58
22798	03152	40	0	17520.39	546.00	3.6666666666666665		99256.04
22799	03164	40	0	6838.93	237.00	4.0		42265.87
22800	03176 	40	0	3549.32	123.00	3.0		16451.6
22801	03178	40	0	1760.23	61.00	4.0		10878.55
22802	0396	40	0	16096.54	520.00	4.333333333333333		107769.62
22803	0091	40	4289.61	17684.22	448.00	4.0		135802.41
22804	0389	40	1485.84	16399.98	510.00	4.0		110537.74
22805	0405	40	1485.84	16418.55	519.00	4.0		110652.51
22806	0249	40	3219.31	11565.65	361.00	3.6666666666666665		83759.35
22807	0014	40	3219.31	10655.17	325.00	3.6666666666666665		78601.33
22808	0090	40	2606.51	18147.89	492.00	4.0		128266.11
22809	0235	40	1981.11	14664.28	459.00	4.0		102871.65
22810	0248	40	1485.84	16541.72	519.00	4.0		111413.72
22811	03117	40	1238.2	15665.39	510.00	4.0		104467.37
22812	0398	40	1238.2	15701.55	510.00	4.0		104690.85
22813	03145	40	1238.2	7982.29	291.00	4.0		56984.36
22814	03137	40	1485.84	16590.18	519.00	4.0		111713.21
22815	0270	40	1284.36	14141.30	519.00	4.0		95333.49
22816	0213	40	1485.84	16515.61	522.75	4.333333333333333		120523.39
22817	03156	40	0	16157.19	554.00	4.0		99854.48
22818	0043	40	0	18195.03	563.00	4.0		112448.72
22819	0230	40	0	20719.88	563.00	4.0		128052.77
22820	0232	40	0	13267.48	563.00	4.0		81995.53
22821	0246	40	2305.52	11713.01	466.00	4.0		86637.16
22822	03118	40	0	12147.62	413.00	3.6666666666666665		68818.37
22823	03138	40	0	16254.59	554.00	4.0		100456.43
22824	0183	40	0	13881.99	586.50	4.0		85793.31
22825	0133	40	0	18598.01	586.50	4.0		114939.21
22826	0115	40	1429.48	16620.44	535.50	4.0		111551.91
22827	0052	40	0	16903.42	571.80	4.0		104466.32
22828	0045	40	1683.37	17938.01	564.20	4.0		121263.83
22829	0033	40	961.40	9852.05	449.00	4.0		66829.16
22830	0003	40	878.48	12700.45	535.50	4.0		83920.35
22831	0154	40	0	12700.45	535.50	4.0		78491.17
22832	0160	40	0	15399.27	573.75	4.0		95170.39
22833	0162	40	2266.01	13003.96	484.50	4.0		94371.29
22834	0025	40	2138.04	11507.40	480.50	4.0		84331.39
22835	0022	40	856.70	12110.73	522.75	4.0		80141.16
22836	0010	40	1630.84	12297.63	501.25	4.0		86080.57
22837	0008	40	864.18	12110.73	522.75	4.0		80187.39
22838	0163	40	1207.69	14030.58	522.75	4.0		94175.38
22839	0167	40	0	15399.42	573.75	4.0		95171.32
22840	0173	40	356.67	12701.50	548.25	4.0		80701.95
22841	0175	40	1430.22	12297.64	501.25	4.0		84840.76
22842	0176	40	1337.06	14029.54	510.00	4.0		94968.48
22843	0182	40	0	16082.79	586.50	4.0		99394.67
22844	0189	40	1423.62	12118.06	506.00	4.0		83690.13
22845	0196	40	0	13881.99	586.50	4.0		85793.31
22846	0261	40	2077.16	22992.65	519.00	4.0		154936.15
22847	0275	40	1467.39	16911.57	531.50	4.0		113585.44
22848	0285	40	0	16187.39	561.00	4.0		100041.12
22849	03124	40	2206.21	11903.91	484.50	4.0		87203.2
22850	03126	40	1221.95	13416.32	521.00	3.6666666666666665		82928.33
22851	03170	40	0	5316.91	229.50	4.0		32859.5
22852	0392	40	2076.75	11362.80	475.75	4.0		83058.95
22853	0140	40	1245.03	17015.11	535.50	4.0		112851.11
22854	0137	40	1170.98	16620.45	535.50	4.0		109954.39
22855	0142	40	2681.93	15432.21	484.50	4.0		111948.8
22856	0136	40	1442.52	17015.11	535.50	4.0		114071.63
22857	0135	40	2139.48	15433.27	497.25	4.0		108602.91
22858	0130	40	479.39	17016.17	548.25	4.0		108125.86
22859	0156	40	0	13292.27	573.75	4.0		82148.73
22860	0120	40	0	17807.62	573.75	4.0		110054.45
22861	0059	40	1906.89	10929.20	471.75	4.0		79329.46
22862	0096	40	2233.58	16342.76	501.25	4.0		114805.28
22863	0078	40	1920.77	16247.01	510.00	4.0		112280.31
22864	0064	40	2202.07	15026.27	504.45	3.6666666666666665		97601.52
22865	0062	40	838.31	12406.11	535.50	4.0		81853.01
22866	0057	40	1589.40	11815.35	510.00	4.0		82843.88
22867	0158	40	1398.87	12109.69	510.00	4.0		83485.45
22868	0148	40	2656.25	15432.21	484.50	4.0		111790.09
22869	0298	40	0	23874.08	568.00	4.0		147546.32
22870	0302	40	1899.27	15433.27	497.25	4.0		107118.37
22871	0297	40	2816.26	14202.63	464.20	4.0		105179.95
22872	0172	40	0	16767.21	612.00	4.0		103624.52
22873	0053	40	1962.62	11897.01	484.50	4.0		85655.13
22874	0141	40	0	18598.01	586.50	4.0		114939.21
22875	0159	40	403.54	15057.21	561.00	4.0		95550.35
22876	0177	40	1047.02	10607.44	382.50	4.0		72026.76
22877	0199	40	2764.60	21816.89	492.00	4.0		151918.25
22878	0293	40	180.81	13793.65	570.25	4.0		86364.8
22879	0314	40	902.14	11505.53	488.00	3.6666666666666665		70291.59
22880	0113	40	1178.01	16224.72	522.75	4.0		107552.15
22881	0034	40	1626.49	10411.33	484.00	4.0		74396.0
22882	0351	40	0	16082.79	586.50	4.0		99394.67
22883	0353	40	2271.25	12661.75	471.75	4.0		92288.75
22884	0066	40	2485.71	14641.82	471.75	4.0		105851.36
22885	03168	40	0	6747.28	283.25	4.0		41699.46
22886	0195	40	0	18598.01	586.50	4.0		114939.21
22887	0145	40	2917.54	15432.21	484.50	4.0		113404.92
22888	0146	40	0	17807.62	573.75	4.0		110054.45
22889	0170	40	0	15399.42	573.75	4.0		95171.32
22890	0188	40	0	16082.79	586.50	4.0		99394.67
22891	0193	40	2462.91	12661.75	471.75	4.0		93473.25
22892	0197	40	0	24908.71	563.00	4.0		153940.53
22893	03114	40	0	0.00	0.00	4.0		0.0
22894	03162	40	0	11871.75	382.50	4.0		73369.65
22895	03163	40	0	3053.34	127.50	4.0		18870.21
22896	0009	40	0	14549.73	595.25	4.0		89920.07
22897	0134	40	2934.73	15432.21	484.50	4.0		113511.15
22898	0143	40	2838.58	3165.80	102.00	4.0		37108.2
22899	03174	40	0	4274.67	178.50	4.0		26418.26
22900	0253	40	0	14103.29	590.50	4.0		87160.99
22901	0255	40	0	18235.54	586.50	4.0		112699.08
22902	0299	40	2279.88	13346.17	497.25	4.0		96571.93
22903	03111	40	2149.01	11698.02	484.50	4.0		85577.26
22904	03121	40	1988.19	13687.32	497.25	4.0		96877.61
22905	0350	40	0	18202.29	573.75	4.0		112493.58
22906	0377	40	0	18202.29	573.75	4.0		112493.58
22907	0393	40	0	15740.58	573.75	4.0		97279.75
22908	0383	40	879.59	12465.90	532.00	4.0		82477.64
22909	0121	40	3091.50	21816.89	492.00	4.0		153938.55
22910	0304	40	2971.67	14979.35	476.00	4.0		110940.69
22911	0071	40	2527.78	13346.17	497.25	4.0		98104.0
22912	0209	40	2888.51	15037.54	484.50	4.0		110786.37
22913	0128	40	1924.81	15848.91	504.00	4.0		109844.94
22914	0125	40	3971.33	20684.68	466.00	4.0		152378.79
22915	03108	40	0	17953.84	572.00	4.0		110958.12
22916	0026	40	0	8679.95	352.00	4.0		53643.73
22917	0006	40	722.18	13518.97	552.25	4.0		88012.99
22918	0384	40	1414.64	14713.95	535.50	4.0		99677.73
22919	0165	40	1025.12	14372.79	535.50	4.0		95161.99
22920	03128	40	1443.87	12118.06	506.00	4.0		83815.28
22921	03110	40	3835.74	10756.03	247.00	3.5		78907.4
22922	0208	40	4457.51	12766.19	404.00	4.0		106445.71
22923	03158	40	0	11790.31	488.50	4.0		72866.34
22924	03115	40	0	15305.35	562.60	4.0		94589.95
22925	0202	40	0	17706.20	564.00	4.0		109427.65
22926	0401	40	1465.18	16344.18	520.00	4.0		110065.2
22927	0075	40	2290.77	12736.62	476.00	4.0		92872.1
22928	03165	40	0	9160.01	382.50	4.0		56610.59
22929	0280	40	2911.11	14982.17	476.00	4.0		110583.84
22930	03116	40	2728.13	15361.82	472.78	4.0		111799.3
22931	0385	40	0	16731.96	572.00	4.0		103406.67
22932	0194	40	0	15519.41	572.00	4.0		95912.88
22933	0201	40	5863.47	11280.37	246.00	4.0		105952.16
22934	0277	40	0	17953.84	572.00	4.0		110958.12
22935	0114	40	0	0.00	0.00	0		0.0
22936	0161	40	2950.43	15236.96	493.95	4.0		112401.5
22937	03104	40	0	18993.74	599.25	4.0		117384.89
22938	03155	40	0	17411.89	561.00	4.0		107608.76
22939	0376	40	0	14247.35	586.50	4.0		88051.31
22940	0381	40	0	15741.63	586.50	4.0		97286.24
22941	0276	40	0	18203.34	586.50	4.0		112500.07
22942	0129	40	2905.89	2770.07	89.25	4.0		35078.5
22943	0126	40	0	24908.71	563.00	4.0		153940.53
22944	0116	40	0	18202.29	573.75	4.0		112493.58
22945	03173	40	0	5540.15	178.50	4.0		34239.17
22946	03159	40	0	11790.31	488.50	4.0		72866.34
22947	0307	40	2261.73	12661.75	471.75	4.0		92229.92
22948	0212	40	2971.67	14959.78	475.00	4.0		110819.74
22949	0335	40	0	4490.49	187.50	4.0		27752.07
22950	0021	40	2204.33	10922.64	448.00	4.0		81127.15
22951	0023	40	2099.99	10554.43	448.00	4.0		78206.7
22952	0131	40	0	17807.62	573.75	4.0		110054.45
22953	0149	40	1454.94	17410.84	548.25	4.0		116594.08
22954	0200	40	1705.15	22992.65	519.00	4.0		152637.06
22955	0303	40	0	8484.60	360.00	4.0		52436.43
22956	0368	40	0	7200.41	292.00	4.0		44499.89
22957	0119	40	2979.90	15433.27	497.25	4.0		113796.86
22958	0018	40	2185.47	10931.84	456.00	4.0		81067.45
22959	0211	40	1238.2	16460.20	520.00	4.0		109379.45
22960	0072	40	0	15989.38	571.80	4.0		98817.38
22961	0001	40	1751.95	10747.16	456.00	4.0		77246.86
22962	0015	40	1231.33	12422.56	522.75	4.0		84383.61
22963	03127	40	0	14456.24	595.25	4.0		89342.29
22964	0252	40	0	13832.36	573.75	4.0		85486.59
22965	0402	40	0	18498.94	502.00	3.6666666666666665		104799.69
22966	03120	40	1985.78	11224.59	484.50	4.0		81642.58
22967	0387	40	2149.70	11381.63	463.00	4.0		83626.17
22968	0361	40	0	9465.35	395.25	4.0		58497.65
22969	03129	40	2207.32	10719.49	440.00	3.6666666666666665		73232.61
\.


--
-- Data for Name: rol; Type: TABLE DATA; Schema: public; Owner: postgres
--

COPY public.rol (rol_id, rol, descripcion) FROM stdin;
\.


--
-- Data for Name: tipo_evaluacion; Type: TABLE DATA; Schema: public; Owner: postgres
--

COPY public.tipo_evaluacion (id, eva, peso) FROM stdin;
1	MB	5
5	NE	0
2	B 	4
3	R 	3
4	M 	2
\.


--
-- Data for Name: tipo_pago; Type: TABLE DATA; Schema: public; Owner: postgres
--

COPY public.tipo_pago (id, tipo) FROM stdin;
1	Salario
2	Vacaciones disfrutadas en el período
3	Cursos de capacitación
4	Actuar como juez lego en los tribunales populares
5	Actuar como autoridad electoral no profesional o movilizado para desempeñar funciones durante el desarrollo de los procesos electorales
6	Participar en movilizaciones militares, ante desastres naturales, tecnológicos o sanitarios
7	Participar como auditor en la comprobación nacional al control interno
8	Durante el disfrute de la licencia de maternidad pre y posnatal
9	Disfrutar vacaciones anuales pagadas
10	Cuadros sindicales que actúan con carácter profesional
11	Los trabajadores accidentados laboralmente y que las causas no hayan sido imputables al mismo
12	Nominillas por alguno de los conceptos anteriores
\.


--
-- Data for Name: usuario; Type: TABLE DATA; Schema: public; Owner: postgres
--

COPY public.usuario (user_id, username, pass, descripcion) FROM stdin;
\.


--
-- Data for Name: usuario_roles; Type: TABLE DATA; Schema: public; Owner: postgres
--

COPY public.usuario_roles (userrol_user_id, userrol_rol_id) FROM stdin;
\.


--
-- Data for Name: utilidades_distribucion; Type: TABLE DATA; Schema: public; Owner: postgres
--

COPY public.utilidades_distribucion (id, name_distribucionu, monto_distribuir, anno) FROM stdin;
40	2do Trimestre	25248647.35	2024
\.


--
-- Data for Name: utilidades_periodo_incluye; Type: TABLE DATA; Schema: public; Owner: postgres
--

COPY public.utilidades_periodo_incluye (upincluye_utilidadesd_id, upincluye_periodo_id, efectuado) FROM stdin;
40	76	f
40	77	f
40	78	f
\.


--
-- Data for Name: utilidades_printhist; Type: TABLE DATA; Schema: public; Owner: postgres
--

COPY public.utilidades_printhist (id, codigo_empleado, name_utilidad, ci, nombap, devengado_util, aporte_ss, imp_ingp, descuento_rm, neto_cobrar, area) FROM stdin;
4257	0082	2do Trimestre_2024	63121215640	ARTURO EVASIO SÁNCHEZ  MARTÍNEZ	167260.07	16291.12	30708.19	0	120260.76	DIRECCION
4258	0030	2do Trimestre_2024	65012826774	MARITZA MOYA CUELLAR	127703.59	12338.93	22808.67	0	92555.99	DIRECCION
4259	03177	2do Trimestre_2024	73082511608	ALEXANDER CARDOSA SALAZAR	19688.41	1378.13	1124.41	0	17185.87	DIRECCION
4260	0365	2do Trimestre_2024	92082440121	ONEDIS BASULTO HERNÁNDEZ	161359.35	15787.61	29822.38	0	115749.36	DIRECCION
4261	0363	2do Trimestre_2024	81102406997	DILENIA HIDALGO SUÁREZ	93843.32	8810.93	15553.9	0	69478.48	DIRECCION
4262	0309	2do Trimestre_2024	83070627289	ERIK LÁZARO PRENDES LAGO	127127.04	12281.28	22693.36	0	92152.41	DIRECCION
4263	0093	2do Trimestre_2024	65111919779	JANETT ADRIANA VÁZQUEZ  FANEGO	127974.59	12366.03	22862.87	0	92745.69	SUBDIRECCION COMERCIAL
4264	0250	2do Trimestre_2024	92090230750	ARIANNA PÉREZ  LLANO	37113.57	2961.36	3509.71	0	30642.5	SUBDIRECCION COMERCIAL
4265	03167	2do Trimestre_2024	91081528498	JESSICA DE LAS MERCEDES DEL PESO ZAMBRANO	58922.53	5414.66	8895.48	0	44612.4	SUBDIRECCION COMERCIAL
4266	0399	2do Trimestre_2024	96040706757	ADRIANA VALERA CORREA	148827.1	14497.45	27190.35	0	107139.3	SUBDIRECCION COMERCIAL
4267	0089	2do Trimestre_2024	80091007502	EDGAR SÁNCHEZ  OLIVA	127974.59	12366.03	22862.87	0	92745.69	SUBDIRECCION COMERCIAL
4268	0029	2do Trimestre_2024	85022805459	CLAUDIA LINARES  SOSA	162306.28	15763.63	29608.26	0	116934.39	SUBDIRECCION COMERCIAL
4269	03166	2do Trimestre_2024	84040104860	JOSE FERMIN CORTIÑA PIÑERA	74726.45	7041.22	12213.24	0	55471.99	SUBDIRECCION CONTABLE FINANCIERA
4270	03161	2do Trimestre_2024	87092406817	LISANDRA HERNANDEZ CREACH	84570.63	8025.64	14182.07	0	62362.92	SUBDIRECCION CONTABLE FINANCIERA
4271	0341	2do Trimestre_2024	99011007555	MAIYELIN  VERA VALDÉS	0.0	0.0	0	0	0.0	SUBDIRECCION CONTABLE FINANCIERA
4272	0345	2do Trimestre_2024	81100223416	MARUCHA SERRET ROJAS	56180.49	4868.05	7323.1	0	43989.34	SUBDIRECCION CONTABLE FINANCIERA
4273	03105	2do Trimestre_2024	83102119051	ISIS IVETTE ESCALONA LEYVA	149781.88	14592.93	27381.3	0	107807.65	SUBDIRECCION CONTABLE FINANCIERA
4274	0258	2do Trimestre_2024	82080307612	SUILEN REYES  SUÁREZ	160106.01	15662.28	29571.71	0	114872.02	SUBDIRECCION CONTABLE FINANCIERA
4275	0105	2do Trimestre_2024	64061801112	DANIA BERETERVIDE  DOPICO	129988.22	12567.4	23265.59	0	94155.23	SUBDIRECCION CONTABLE FINANCIERA
4276	03172	2do Trimestre_2024	85072601148	ABEL PRIETO CASQUERO	76730.31	7324.71	12896.57	0	56509.03	SUBDIRECCION DE ADMINISTRACION
4277	03133	2do Trimestre_2024	65051504181	JOSE LUIS CATURLA TERRY	86673.56	8134.35	14257.31	0	64281.9	SUBDIRECCION DE ADMINISTRACION
4278	0032	2do Trimestre_2024	64030112417	TERESA DE LA CARIDAD GARCÍA  BOLAÑOS	74569.78	6896.27	11742.37	0	55931.14	SUBDIRECCION DE ADMINISTRACION
4279	03171	2do Trimestre_2024	70092002476	ADA DANIA GONZALEZ GONZALEZ	59065.23	5475.1	9080.99	0	44509.14	SUBDIRECCION DE ADMINISTRACION
4280	0375	2do Trimestre_2024	98111206907	ERNESTO GUERRA MATA	84580.39	7904.08	13767.41	0	62908.9	SUBDIRECCION DE ADMINISTRACION
4281	0395	2do Trimestre_2024	63122918283	CARLOS  DIAZ ORDAZ	87171.13	8184.11	14356.82	0	64630.2	SUBDIRECCION DE ADMINISTRACION
4282	03140	2do Trimestre_2024	69062916800	LEONARDO PEREZ RAMIREZ	127974.59	12366.03	22862.87	0	92745.69	SUBDIRECCION DE ADMINISTRACION
4283	0117	2do Trimestre_2024	65073102769	RAÚL PAVÓN  FUENTES	147270.5	14341.79	26879.03	0	106049.68	SUBDIRECCION DE DESARROLLO
4284	03169	2do Trimestre_2024	87030909778	YAILIN URRUTIA POMIER	42087.51	3731.15	5528.47	0	32827.88	SUBDIRECCION DE DESARROLLO
4285	0333	2do Trimestre_2024	90050622896	MARTHA BRENDA DÍAZ DELGADO	161359.35	15787.61	29822.38	0	115749.36	SUBDIRECCION DE DESARROLLO
4286	03150	2do Trimestre_2024	86103105175	ALIUSKA LOURDES SANCHEZ HERNANDEZ	0.0	0.0	0	0	0.0	SUBDIRECCION DE DESARROLLO
4287	03141	2do Trimestre_2024	91071224652	DANAY GUZMÁN BORGES	111149.39	10637.34	19340.85	0	81171.2	SUBDIRECCION DE DESARROLLO
4288	0262	2do Trimestre_2024	66042814748	FRANCISCO JAVIER CASTELLÓN  BARTROLI	161744.19	15686.88	29426.0	0	116631.31	SUBDIRECCION INFORMATICA
4289	03153	2do Trimestre_2024	90050928909	EDUARDO  FORTE MARQUEZ	127974.59	12366.03	22862.87	0	92745.69	SUBDIRECCION INFORMATICA
4290	0101	2do Trimestre_2024	79120206145	DAUNIER HERNÁNDEZ  TRUJILLO	29532.58	2203.26	2016.89	0	25312.44	SUBDIRECCION INFORMATICA
4291	03160	2do Trimestre_2024	84072523147	RANNIEL RIVERO SEVILA	98442.0	9412.77	16956.35	0	72072.88	SUBDIRECCION INFORMATICA
4292	0331	2do Trimestre_2024	96093008988	ALEJANDRO  RAMÍREZ COMESAÑAS	127328.94	12125.89	22124.77	0	93078.28	SUBDIRECCION INFORMATICA
4293	0041	2do Trimestre_2024	71071214350	YAMILA JO  MARRERO	102008.77	9704.81	17449.93	0	74854.02	SUBDIRECCION DE ASEGURAMIENTO
4294	0259	2do Trimestre_2024	74121822567	HASLEMER SOTOLONGO  CUZA	159921.47	15543.41	29193.37	0	115184.69	SUBDIRECCION DE ASEGURAMIENTO
4295	0366	2do Trimestre_2024	69073008505	REMBERTO GONZÁLEZ MORALES	140197.7	13508.7	25036.7	0	101652.3	SUBDIRECCION DE ASEGURAMIENTO
4296	0400	2do Trimestre_2024	72030707262	ROGER ONDARSE ROJAS	43403.96	3590.4	4767.79	0	35045.77	SUBDIRECCION DE ASEGURAMIENTO
4297	0046	2do Trimestre_2024	62021500702	ROBERTO PADILLA  COLAO	80893.23	7511.94	12950.33	0	60430.96	SUBDIRECCION DE ASEGURAMIENTO
4298	03122	2do Trimestre_2024	79042502401	ROLANDO RODRIGUEZ GONZALEZ	88992.43	8401.84	14842.13	0	65748.45	GRUPO ALMACEN SIBONEY
4299	0081	2do Trimestre_2024	91102621066	ERNESTO SÁNCHEZ  COLUMBIÉ	86416.52	8054.4	14021.3	0	64340.82	GRUPO ALMACEN SIBONEY
4300	0083	2do Trimestre_2024	68041802704	ALEJANDRO MONTAÑA  RIVERA	101194.65	9623.4	17287.11	0	74284.14	GRUPO ALMACEN SIBONEY
4301	0077	2do Trimestre_2024	63010531600	HERMINIO LAGARZA  ACOSTA	87813.31	8252.36	14498.95	0	65062.0	GRUPO ALMACEN SIBONEY
4302	0290	2do Trimestre_2024	91081728103	LÁZARO REINIER RODRÍGUEZ RAVELO	110054.45	10532.45	19137.52	0	80384.48	SUBDIRECCION DE OPERACIONES
4303	0358	2do Trimestre_2024	76092624989	ALEXEI BERNIS VILTRES	11082.8	554.14	266.14	0	10262.52	SUBDIRECCION DE OPERACIONES
4304	03113	2do Trimestre_2024	95102746105	MICHEL BARZAGA URQUIZA	104036.8	9942.7	17974.84	0	76119.26	SUBDIRECCION DE OPERACIONES
4305	0044	2do Trimestre_2024	64042014641	ABEL ERNESTO URGELLES GARRIDO	109144.48	10455.23	19002.35	0	79686.9	SUBDIRECCION DE OPERACIONES
4306	0049	2do Trimestre_2024	61081602442	OMAR VEGA  SIERRA	98786.91	9377.54	16788.27	0	72621.11	SUBDIRECCION DE OPERACIONES
4307	0050	2do Trimestre_2024	62061831389	ARNALDO BLANCO  CARDOSO	102691.25	9785.31	17628.06	0	75277.88	SUBDIRECCION DE OPERACIONES
4308	0055	2do Trimestre_2024	67011332047	ROBERTO AGUIRREZABAL  HOPUY	96247.78	9139.1	16333.04	0	70775.64	SUBDIRECCION DE OPERACIONES
4309	0063	2do Trimestre_2024	79080302984	LIOSBEL VALDÉS  HERRERA	95171.32	9006.68	16033.52	0	70131.12	SUBDIRECCION DE OPERACIONES
4310	0067	2do Trimestre_2024	61121029863	JORGE LUIS MARTÍNEZ  GONZÁLEZ	100136.61	9516.73	17072.57	0	73547.3	SUBDIRECCION DE OPERACIONES
4311	0080	2do Trimestre_2024	88082434142	REGINO MARRERO  TAMAYO	107279.73	10249.95	18565.48	0	78464.29	SUBDIRECCION DE OPERACIONES
4312	0169	2do Trimestre_2024	74120502342	VLADIMIR  CLARO  NIKOLAIEVA	101666.26	9683.89	17426.74	0	74555.63	SUBDIRECCION DE OPERACIONES
4313	0180	2do Trimestre_2024	77012704342	MANUEL GARCÍA  GUTIERREZ	97162.14	9229.3	16511.72	0	71421.12	SUBDIRECCION DE OPERACIONES
4314	0263	2do Trimestre_2024	77042205726	ARMANDO ÁLVAREZ  FERNÁNDEZ	161359.35	15787.61	29822.38	0	115749.36	SUBDIRECCION DE OPERACIONES
4315	0274	2do Trimestre_2024	65090924603	JORGE PABLO RODRÍGUEZ  SÁNCHEZ	105470.85	9962.61	17841.77	0	77666.47	SUBDIRECCION DE OPERACIONES
4316	0283	2do Trimestre_2024	80022600820	JORJAN OLIVERA  MONTANO	128127.67	12252.82	22456.53	0	93418.32	SUBDIRECCION DE OPERACIONES
4317	0294	2do Trimestre_2024	66091013022	LUIS ALBERTO PITA BODAÑO	84860.15	8018.86	14118.51	0	62722.78	SUBDIRECCION DE OPERACIONES
4318	03119	2do Trimestre_2024	91111948221	OSMAR MANUEL VAILLANT QUEZADA	103376.76	9851.76	17758.03	0	75766.98	SUBDIRECCION DE OPERACIONES
4319	03142	2do Trimestre_2024	89102223545	YANSEL GONZALEZ VARELA	94483.83	8936.77	15892.1	0	69654.96	SUBDIRECCION DE OPERACIONES
4320	03143	2do Trimestre_2024	64092729644	DANIEL SANTIAGO RAMOS VALLS	102871.32	9843.17	17799.58	0	75228.57	SUBDIRECCION DE OPERACIONES
4321	03147	2do Trimestre_2024	66042411566	BENIGNO GONZALEZ ORTIZ	106913.31	10229.92	18548.67	0	78134.72	SUBDIRECCION DE OPERACIONES
4322	03154	2do Trimestre_2024	89020220382	ARIEL PEÑA  NAPOLES	114939.21	11060.5	20249.01	0	83629.7	SUBDIRECCION DE OPERACIONES
4323	0354	2do Trimestre_2024	65032530424	DIMAS MARCOS IBALBIA PAIROL	110868.69	10639.01	19385.82	0	80843.85	SUBDIRECCION DE OPERACIONES
4324	0369	2do Trimestre_2024	84070620820	EMIGDIO JIMÉNEZ PEÑA	148827.1	14497.45	27190.35	0	107139.3	SUBDIRECCION DE OPERACIONES
4325	0378	2do Trimestre_2024	74103102985	JUAN ALEXANDER  ALBUQUERQUE HERRERA	99890.39	9511.44	17089.05	0	73289.9	SUBDIRECCION DE OPERACIONES
4326	0388	2do Trimestre_2024	91071528909	NOEL FERNÁNDEZ VARELA	111467.12	10698.52	19504.37	0	81264.23	SUBDIRECCION DE OPERACIONES
4327	03131	2do Trimestre_2024	87010707708	OSMEL LEONARDO ZAMORA PEREZ	86869.86	8187.2	14409.49	0	64273.17	SUBDIRECCION DE OPERACIONES
4328	03134	2do Trimestre_2024	60052015562	ALFREDO VAGNER PEÑA SILVA	126768.96	12229.18	22566.35	0	91973.43	SUBDIRECCION TECNICA
4329	0338	2do Trimestre_2024	65081300101	JUAN CARLOS YAMACHO SILVA	117870.35	11375.92	20911.09	0	85583.34	SUBDIRECCION TECNICA
4330	0087	2do Trimestre_2024	71110614360	YEAN MARC MORENO  CABRERA	139416.38	13510.21	25151.22	0	100754.94	SUBDIRECCION TECNICA
4331	0264	2do Trimestre_2024	64092000765	RAMÓN OQUENDO  FADRAGA	159178.3	15569.51	29386.17	0	114222.62	SUBDIRECCION TECNICA
4332	0151	2do Trimestre_2024	77020406607	ISRAEL MORA  BELTRÁN	127389.76	12131.97	22136.94	0	93120.85	SUBDIRECCION TECNICA
4333	03151	2do Trimestre_2024	87010910026	IVAN  CRUZ GARCIA	87804.97	8251.52	14497.28	0	65056.16	GRUPO TALLER BOYEROS
4334	03157	2do Trimestre_2024	75082302968	EDDY RODRIGUEZ RODRIGUEZ	93449.89	9071.37	16494.11	0	67884.41	GRUPO TALLER BOYEROS
4335	0038	2do Trimestre_2024	98011606643	ANGEL DANIEL PASCUAL  VALDÉS	102636.12	9935.55	18146.62	0	74553.95	GRUPO TALLER BOYEROS
4336	0086	2do Trimestre_2024	68070316984	ALEJANDRO BATISTA  CRUZ	137705.23	13357.56	24871.79	0	99475.88	GRUPO TALLER BOYEROS
4337	03100	2do Trimestre_2024	01060566285	DANIEL ALEJANDRO JIMENEZ BETANCOURT	91716.1	8674.21	15386.87	0	67655.02	GRUPO TALLER BOYEROS
4338	0321	2do Trimestre_2024	01111266627	EDDY RODRÍGUEZ CARBALLEDO	109757.92	10975.79	20705.05	0	78077.08	GRUPO TALLER BOYEROS
4339	0039	2do Trimestre_2024	96083109986	HENRY ROLANDO ESTEVEZ  CALDERÓN	0.0	0.0	0	0	0.0	GRUPO TALLER BOYEROS
4340	03175	2do Trimestre_2024	95012928203	MAIQUEL CONCEPCION PADILLA	31387.32	2793.02	3836.85	0	24757.44	GRUPO TALLER BOYEROS
4341	0373	2do Trimestre_2024	98103122741	REINIER ESTRADA VIVES	0.0	0.0	0	0	0.0	GRUPO TALLER BOYEROS
4342	03139	2do Trimestre_2024	90031247962	ALDO  OLIVEROS  CRUZ	127959.07	12672.41	23846.33	0	91440.33	GRUPO TALLER BOYEROS
4343	0397	2do Trimestre_2024	95100930889	JOAQUIN MODESTO PERDOMO PEREZ	0.0	0.0	0	0	0.0	GRUPO TALLER BOYEROS
4344	0349	2do Trimestre_2024	50062408808	JUAN DE LEÓN  CARMENATY	83140.96	7790.35	13582.26	0	61768.35	GRUPO TALLER HABANA
4345	0005	2do Trimestre_2024	59081110669	IBRAHIN FERRER  DE LA ROSA	53206.72	4674.16	7142.31	0	41390.25	GRUPO TALLER HABANA
4346	0291	2do Trimestre_2024	76112702407	WILLIAN RODRÍGUEZ VELIZ	80402.52	7497.86	12971.18	0	59933.48	GRUPO TALLER HABANA
4347	0013	2do Trimestre_2024	68092903503	MIGUEL VALLE  ÁLVAREZ	82181.24	7699.41	13407.41	0	61074.43	GRUPO TALLER HABANA
4348	03144	2do Trimestre_2024	97040407386	LAZARO YORDAN VALDES BRUNET	60224.81	5319.81	8321.26	0	46583.75	GRUPO TALLER SIBONEY
4349	03146	2do Trimestre_2024	02101267468	CARLOS WILFREDO AROZARENA CORTES	65746.25	5862.27	9386.83	0	50497.15	GRUPO TALLER SIBONEY
4350	03148	2do Trimestre_2024	98120807485	ARMANDO LOPEZ GUERRA	110037.58	10996.63	20611.14	0	78429.81	GRUPO TALLER SIBONEY
4351	03152	2do Trimestre_2024	02031967364	JEIBEL ALONSO SARDIÑAS	99256.04	9925.6	18525.59	0	70804.84	GRUPO TALLER SIBONEY
4352	03164	2do Trimestre_2024	01072468003	KEVIN SORRELL GARCIA	42265.87	3546.71	4820.65	0	33898.51	GRUPO TALLER SIBONEY
4353	03176 	2do Trimestre_2024	94013034202	EDUARDO CALDERON FUENTES	16451.6	1073.55	829.7	0	14548.35	GRUPO TALLER SIBONEY
4354	03178	2do Trimestre_2024	94123126109	JUAN ANTONIO HERNANDEZ RAMIREZ	10878.55	543.93	321.54	0	10013.09	GRUPO TALLER SIBONEY
4355	0396	2do Trimestre_2024	86080806688	DANIEL MUÑOZ GONZÁLEZ	107769.62	10776.96	20250.71	0	76741.95	GRUPO TALLER SIBONEY
4356	0091	2do Trimestre_2024	70060300806	ROBERTO FRANCISCO JARDÓN  PRENDES	135802.41	13083.02	24204.74	0	98514.65	GRUPO TALLER SIBONEY
4357	0389	2do Trimestre_2024	88031608447	YOESLAN  VALDES SANCHEZ	110537.74	11053.77	21192.6	0	78291.36	GRUPO TALLER SIBONEY
4358	0405	2do Trimestre_2024	74050822569	YURY ROBERTO CONYEDO ALEJO	110652.51	10701.1	19627.18	0	80324.23	GRUPO TALLER SIBONEY
4359	0249	2do Trimestre_2024	60082001103	LUIS BULNES  CARRILLO	83759.35	7842.06	13671.51	0	62245.78	GRUPO TALLER SIBONEY
4360	0014	2do Trimestre_2024	69062900029	REINALDO RAMOS  GÓMEZ	78601.33	7156.29	11991.9	0	59453.14	GRUPO TALLER SIBONEY
4361	0090	2do Trimestre_2024	87112634897	YANET DEVESA  SÁNCHEZ	128266.11	12562.96	23487.26	0	92215.89	GRUPO TALLER SIBONEY
4362	0235	2do Trimestre_2024	96101410001	LUIS DANIEL GONZÁLEZ  VIERA	102871.65	9843.5	17800.67	0	75227.47	GRUPO TALLER SIBONEY
4363	0248	2do Trimestre_2024	66053004348	JUAN CARLOS TRELLES  CABRERA	111413.72	11026.72	20563.8	0	79823.19	GRUPO TALLER SIBONEY
4364	03117	2do Trimestre_2024	99092006922	MALKIEL  MOJENA HERNANDEZ	104467.37	10164.7	18669.34	0	75633.33	GRUPO TALLER SIBONEY
4365	0398	2do Trimestre_2024	93060633862	YASSER BOTELLO VIDAL	104690.85	9921.09	17809.8	0	76959.95	GRUPO TALLER SIBONEY
4366	03145	2do Trimestre_2024	06070566486	YASER RENE LOPEZ BLANCO	56984.36	4948.44	7483.87	0	44552.05	GRUPO TALLER SIBONEY
4367	03137	2do Trimestre_2024	70010303985	ANTUAN UMPIERRE ALVAREZ	111713.21	11033.87	20555.28	0	80124.07	GRUPO TALLER SIBONEY
4368	0270	2do Trimestre_2024	68071210806	RICARDO DANIEL PÉREZ  ALLISON	95333.49	8989.74	15953.23	0	70390.52	GRUPO TALLER SIBONEY
4369	0213	2do Trimestre_2024	82102206906	LEONARDO RODRÍGUEZ  MEDINA	120523.39	11527.02	21053.38	0	87942.99	GRUPO TALLER SIBONEY
4370	03156	2do Trimestre_2024	97013106925	JULIO ALFREDO WONG SERRA	99854.48	9448.25	16879.22	0	73527.01	GRUPO TALLER SIBONEY
4371	0043	2do Trimestre_2024	69092100201	JORGE LUIS LÓPEZ  ORTA	112448.72	11217.11	21031.46	0	80200.15	GRUPO TALLER SIBONEY
4372	0230	2do Trimestre_2024	67060931181	ERNESTO ALARCÓN  ESPINOSA	128052.77	12411.41	23006.19	0	92635.18	GRUPO TALLER SIBONEY
4373	0232	2do Trimestre_2024	65061729741	HUMBERTO PABLO CABEZAS   ALONSO	81995.53	7679.42	13365.45	0	60950.67	GRUPO TALLER SIBONEY
4374	0246	2do Trimestre_2024	74092311300	YORGENIS RAMÍREZ  VELÁZQUEZ	86637.16	8130.72	14250.03	0	64256.42	GRUPO TALLER SIBONEY
4375	03118	2do Trimestre_2024	91122907042	RAIDEL RAMOS ARREBATO	68818.37	6416.93	10917.79	0	51483.65	GRUPO TALLER SIBONEY
4376	03138	2do Trimestre_2024	96100708980	ERANDIS  ALVAREZ GARCIA	100456.43	9731.84	17759.15	0	72965.45	GRUPO TALLER SIBONEY
4377	0183	2do Trimestre_2024	78111703042	YANOSKY ESCAÑO  RODRÍGUEZ	85793.31	8065.64	14146.91	0	63580.77	DEPARTAMENTO AEROPUERTO
4378	0133	2do Trimestre_2024	75082000671	VALIA NOGUERA FIGUEROA	114939.21	11060.5	20249.01	0	83629.7	DEPARTAMENTO AEROPUERTO
4379	0115	2do Trimestre_2024	64060502016	ANA JULIA GONZÁLEZ GÓMEZ	111551.91	10622.84	19235.19	0	81693.88	DEPARTAMENTO AEROPUERTO
4380	0052	2do Trimestre_2024	63122631988	ESTEBAN DAVID SÁNCHEZ  NOVO	104466.32	9961.93	17980.08	0	76524.31	DEPARTAMENTO AEROPUERTO
4381	0045	2do Trimestre_2024	70102227647	PABLO PÉREZ  TORRES	121263.83	11621.47	21270.86	0	88371.5	DEPARTAMENTO AEROPUERTO
4382	0033	2do Trimestre_2024	67103030292	IDARMIS RIVERA  LEÓN	66829.16	6122.21	10194.24	0	50512.71	DEPARTAMENTO AEROPUERTO
4383	0003	2do Trimestre_2024	43072708657	ARMINDA JULIA ARIAS  HERNÁNDEZ	83920.35	7878.34	13772.31	0	62269.69	DEPARTAMENTO AEROPUERTO
4384	0154	2do Trimestre_2024	57020723948	RODOBALDO DÍAZ  ARTEAGA	78491.17	7335.42	12686.48	0	58469.27	DEPARTAMENTO AEROPUERTO
4385	0160	2do Trimestre_2024	67091002169	ORLANDO LLANES  MESA	95170.39	9023.7	16091.51	0	70055.18	DEPARTAMENTO AEROPUERTO
4386	0162	2do Trimestre_2024	71102614788	JESUS BARCELONA  ALAMBARES	94371.29	8943.79	15931.69	0	69495.81	DEPARTAMENTO AEROPUERTO
4387	0025	2do Trimestre_2024	88071806360	EDUARDO GONZÁLEZ  FERNÁNDEZ	84331.39	7907.38	13813.48	0	62610.53	DEPARTAMENTO AEROPUERTO
4388	0022	2do Trimestre_2024	82081709443	YUNIERT CUTIÑO  GRIÑAN	80141.16	7470.88	12916.04	5975.42	53778.81	DEPARTAMENTO AEROPUERTO
4389	0010	2do Trimestre_2024	66102813664	LEONEL SILVA  ABAD	86080.57	8030.76	13988.09	0	64061.73	DEPARTAMENTO AEROPUERTO
4390	0008	2do Trimestre_2024	65070101316	CONSUELO GONZÁLEZ  DÍAZ	80187.39	7475.51	12925.29	0	59786.59	DEPARTAMENTO AEROPUERTO
4391	0163	2do Trimestre_2024	72061530046	OSMEL DÍAZ  CRUZ	94175.38	8907.08	15834.33	0	69433.96	DEPARTAMENTO AEROPUERTO
4392	0167	2do Trimestre_2024	74071201582	JULIO CÉSAR ESCAÑO  RODRÍGUEZ	95171.32	9006.68	16033.52	0	70131.12	DEPARTAMENTO AEROPUERTO
4393	0173	2do Trimestre_2024	75042727021	ALAIN MERCHÁN  OLIVA	80701.95	7497.43	12927.77	0	60276.75	DEPARTAMENTO AEROPUERTO
4394	0175	2do Trimestre_2024	75091303206	JORGE ALBERTO GOENAGA  MARTÍNEZ	84840.76	7967.84	13947.75	0	62925.17	DEPARTAMENTO AEROPUERTO
4395	0176	2do Trimestre_2024	76010302983	DENNIS ORTIZ  HERNÁNDEZ	94968.48	9020.62	16109.31	0	69838.56	DEPARTAMENTO AEROPUERTO
4396	0182	2do Trimestre_2024	78052910322	JULIO CESAR BERMUDEZ  LOPEZ	99394.67	9463.23	16994.54	0	72936.89	DEPARTAMENTO AEROPUERTO
4397	0189	2do Trimestre_2024	83051405903	RAYWER SIERRA  RODRÍGUEZ	83690.13	7843.25	13685.23	0	62161.65	DEPARTAMENTO AEROPUERTO
4398	0196	2do Trimestre_2024	89103003841	JONAH LÓPEZ  DÍAZ	85793.31	8065.64	14146.91	0	63580.77	DEPARTAMENTO AEROPUERTO
4399	0261	2do Trimestre_2024	71123000994	YADIRA FERRARI  SUÁREZ	154936.15	15126.83	28474.95	0	111334.38	DEPARTAMENTO AEROPUERTO
4400	0275	2do Trimestre_2024	83102420907	MAIKEL CÓRDOVA  GÓNGORA	113585.44	10906.46	19914.81	0	82764.17	DEPARTAMENTO AEROPUERTO
4401	0285	2do Trimestre_2024	83112329161	OSMEL IGNACIO FERNÁNDEZ  CAMPILLO	100041.12	9533.11	17141.62	0	73366.39	DEPARTAMENTO AEROPUERTO
4402	03124	2do Trimestre_2024	64101933586	LIVIO AVELINO LIMONTA JIMENEZ	87203.2	8122.99	14138.31	0	64941.91	DEPARTAMENTO AEROPUERTO
4403	03126	2do Trimestre_2024	01061766707	YAN LUIS MARTINEZ GONZALEZ	82928.33	7690.53	13263.43	0	61974.37	DEPARTAMENTO AEROPUERTO
4404	03170	2do Trimestre_2024	89062721146	YAZMANY ANTONIO COTILLA HERNANDEZ	32859.5	2772.26	3560.14	0	26527.1	DEPARTAMENTO AEROPUERTO
4405	0392	2do Trimestre_2024	71070826900	MAXIMO MENDEZ MOLINA	83058.95	7789.66	13591.39	0	61677.9	DEPARTAMENTO AEROPUERTO
4406	0140	2do Trimestre_2024	76091009576	ANAEVI MARTÍNEZ  RAMOS	112851.11	10851.69	19831.39	0	82168.02	DEPARTAMENTO AEROPUERTO
4407	0137	2do Trimestre_2024	76022001852	KENIA AMINTA DELGADO  RODRÍGUEZ	109954.39	10522.45	19117.5	0	80314.44	DEPARTAMENTO AEROPUERTO
4408	0142	2do Trimestre_2024	77011307082	ALAIN GARCÍA  JEREZ	111948.8	10682.32	19381.84	0	81884.65	DEPARTAMENTO AEROPUERTO
4409	0136	2do Trimestre_2024	76011103251	ARIANNA GUZMÁN RIVERO	114071.63	10973.74	20075.5	0	83022.39	DEPARTAMENTO AEROPUERTO
4410	0135	2do Trimestre_2024	75101926625	SANDOR RUBÉN  ROLDÁN	108602.91	10268.58	18440.74	0	79893.59	DEPARTAMENTO AEROPUERTO
4411	0130	2do Trimestre_2024	73022234416	YAMILKA DE LA CARIDAD SOSA  REMÓN	108125.86	10300.02	18617.25	0	79208.59	DEPARTAMENTO AEROPUERTO
4412	0156	2do Trimestre_2024	61101312181	LUIS ANGEL GARCÍA ALARCÓN	82148.73	7671.64	13317.56	0	61159.53	DEPARTAMENTO AEROPUERTO
4413	0120	2do Trimestre_2024	66090527133	VIRGINIA ISABEL SOTO  CASTRO	110054.45	10532.45	19137.52	0	80384.48	DEPARTAMENTO AEROPUERTO
4414	0059	2do Trimestre_2024	72040801628	MIGUEL ANGEL CÁRDENAS  FERNÁNDEZ	79329.46	7330.64	12543.66	0	59455.16	DEPARTAMENTO AEROPUERTO
4415	0096	2do Trimestre_2024	78081710301	ELIEZER SENÉN MEDINA  CARBONELL	114805.28	11041.12	20201.88	0	83562.28	DEPARTAMENTO AEROPUERTO
4416	0078	2do Trimestre_2024	78011708481	YOEL MONDUY  RODRÍGUEZ	112280.31	10755.04	19582.69	0	81942.58	DEPARTAMENTO AEROPUERTO
4417	0064	2do Trimestre_2024	82022408624	YUSNIEL MOJENA  CAMPILLO	97601.52	9305.78	16710.25	0	71585.48	DEPARTAMENTO AEROPUERTO
4418	0062	2do Trimestre_2024	77071731568	DANCÉS LEÓN  HERRERA	81853.01	7642.07	13258.41	0	60952.53	DEPARTAMENTO AEROPUERTO
4419	0057	2do Trimestre_2024	70102218444	JULIO ESTEBAN FIGUEREDO  DEL TORO	82843.88	7770.7	13557.02	0	61516.17	DEPARTAMENTO AEROPUERTO
4420	0158	2do Trimestre_2024	64101405101	BÁRBARO PABLO GONZÁLEZ  RODRÍGUEZ	83485.45	7746.24	13374.86	0	62364.36	DEPARTAMENTO AEROPUERTO
4421	0148	2do Trimestre_2024	79122007759	MARIA DEL  CARMEN CASTAÑER  AVERHOFF	111790.09	10666.44	19350.1	0	81773.55	DEPARTAMENTO AEROPUERTO
4422	0298	2do Trimestre_2024	58070607565	PEDRO BEC LÓPEZ	147546.32	14369.38	26934.19	0	106242.75	GRUPO DE VENTAS PINAR DEL RIO
4423	0302	2do Trimestre_2024	87102002268	ADOLFO DAMIÁN MORENO GONZÁLEZ	107118.37	10238.84	18550.3	0	78329.23	GRUPO DE VENTAS PINAR DEL RIO
4424	0297	2do Trimestre_2024	70022129062	FRANCISCO PALACIOS CABRERA	105179.95	9879.04	17567.17	0	77733.74	GRUPO DE VENTAS PINAR DEL RIO
4425	0172	2do Trimestre_2024	75041800428	LUIS MANUEL PUENTES  CID	103624.52	9886.22	17840.51	0	75897.79	GRUPO DE VENTAS PINAR DEL RIO
4426	0053	2do Trimestre_2024	65050910745	AVELARDO IZQUIERDO  REYES	85655.13	8059.78	14146.33	0	63449.02	DEPARTAMENTO CIUDAD
4427	0141	2do Trimestre_2024	76102902291	YUDITH REMIS  RODRÍGUEZ	114939.21	11060.5	20249.01	0	83629.7	DEPARTAMENTO CIUDAD
4428	0159	2do Trimestre_2024	65032131369	ALEXIS SUÁREZ  CAPOTE	95550.35	9044.58	16109.33	0	70396.44	DEPARTAMENTO CIUDAD
4429	0177	2do Trimestre_2024	76070809961	ENID CRESPO  TORRES	72026.76	6452.68	10492.35	0	55081.73	DEPARTAMENTO CIUDAD
4430	0199	2do Trimestre_2024	66121126709	OSVALDO MORENO  HERNÁNDEZ	151918.25	14825.04	27871.37	0	109221.85	DEPARTAMENTO CIUDAD
4431	0293	2do Trimestre_2024	91030729164	DARIEL ORTIZ VALDEZ	86364.8	8120.25	14252.56	0	63991.99	DEPARTAMENTO CIUDAD
4432	0314	2do Trimestre_2024	61102311421	JULIO GERMÁN MORA NEGRÍN	70291.59	6477.13	10916.23	0	52898.23	DEPARTAMENTO CIUDAD
4433	0113	2do Trimestre_2024	60052814445	PEDRO EMILIO CARNOT  PEREIRA	107552.15	10282.22	18637.06	0	78632.87	DEPARTAMENTO CIUDAD
4434	0034	2do Trimestre_2024	76111901935	YOASMIN CALDERON  PÉREZ	74396.0	6841.25	11572.81	0	55981.94	DEPARTAMENTO CIUDAD
4435	0351	2do Trimestre_2024	72120822621	ISEL ENAMORADO ODUARDO	99394.67	9463.23	16994.54	0	72936.89	DEPARTAMENTO CIUDAD
4436	0353	2do Trimestre_2024	91071629640	ALFREDO LOPEZ ALEMAN	92288.75	8718.42	15457.01	0	68113.32	DEPARTAMENTO CIUDAD
4437	0066	2do Trimestre_2024	87031710740	MANUEL RAÚL GÓMEZ  FERRO	105851.36	9953.85	17732.14	0	78165.36	DEPARTAMENTO CIUDAD
4438	03168	2do Trimestre_2024	83101629508	LOYSLI REINALDO CORDERO GÓMEZ	41699.46	3644.18	5287.09	0	32768.18	DEPARTAMENTO CIUDAD
4439	0195	2do Trimestre_2024	89090512026	JOAQUÍN FERNÁNDEZ  RONDÓN	114939.21	11060.5	20249.01	0	83629.7	DEPARTAMENTO VARADERO
4440	0145	2do Trimestre_2024	77071308519	YUDIETH PALENZUELA  YANES	113404.92	10907.07	19942.16	0	82555.69	DEPARTAMENTO VARADERO
4441	0146	2do Trimestre_2024	77102408513	SHEYLA NORES  GONZÁLEZ	110054.45	10532.45	19137.52	0	80384.48	DEPARTAMENTO VARADERO
4442	0170	2do Trimestre_2024	74122105065	JAVIEL PITA  CABALLERO	95171.32	9006.68	16033.52	0	70131.12	DEPARTAMENTO VARADERO
4443	0188	2do Trimestre_2024	81082809140	MICHAEL DE ARMAS  RODRÍGUEZ	99394.67	9463.23	16994.54	0	72936.89	DEPARTAMENTO VARADERO
4444	0193	2do Trimestre_2024	85102309248	ARTURO DÁVALOS  MOROS	93473.25	8836.87	15693.91	0	68942.47	DEPARTAMENTO VARADERO
4445	0197	2do Trimestre_2024	66020214249	LUIS ANTONIO NARANJO  QUINTANA	153940.53	15027.26	28275.82	0	110637.44	DEPARTAMENTO VARADERO
4446	03114	2do Trimestre_2024	81121608207	YOAN  HERNÁNDEZ  MENDEZ	0.0	0.0	0	0	0.0	DEPARTAMENTO VARADERO
4447	03162	2do Trimestre_2024	79051608214	LIUSKA ORTEGA  RODRIGUEZ	73369.65	6863.97	11800.56	0	54705.12	DEPARTAMENTO VARADERO
4448	03163	2do Trimestre_2024	67102131388	JOSE MIGUEL NAVARRO CRUZ	18870.21	1137.02	752.27	0	16980.92	DEPARTAMENTO VARADERO
4449	0009	2do Trimestre_2024	65110800422	DIOSDADO VIZCAINO  RODRÍGUEZ	89920.07	8475.77	14963.62	0	66480.68	DEPARTAMENTO VARADERO
4450	0134	2do Trimestre_2024	75082505833	MARIANELA MANCHA TARAJANO	113511.15	10917.7	19963.4	0	82630.05	DEPARTAMENTO VARADERO
4451	0143	2do Trimestre_2024	77021209074	MAILYN LORENZO  RODRÍGUEZ	37108.2	2960.82	3508.64	0	30638.74	DEPARTAMENTO VARADERO
4452	03174	2do Trimestre_2024	58051100229	JOSE FRANCISCO DUQUESNE BAEZ	26418.26	2105.56	2195.15	0	22117.55	DEPARTAMENTO VARADERO
4453	0253	2do Trimestre_2024	64010720143	ALBERTO PÉREZ  FLORES	87160.99	8195.83	14398.07	0	64567.09	DEPARTAMENTO VILLA CLARA
4454	0255	2do Trimestre_2024	86081612529	CARLOS ENRIQUE VELASCO  BLANCO	112699.08	10816.7	19733.71	0	82148.66	DEPARTAMENTO VILLA CLARA
4455	0299	2do Trimestre_2024	90071532404	PABLO GARCÍA MARTÍNEZ	96571.93	9044.08	15948.92	0	71578.93	DEPARTAMENTO VILLA CLARA
4456	03111	2do Trimestre_2024	62031621487	FAUSTINO RODRIGUEZ RODRIGUEZ	85577.26	8032.75	14065.32	0	63479.19	DEPARTAMENTO VILLA CLARA
4457	03121	2do Trimestre_2024	72010305503	RAUL  RODRIGUEZ SANCHEZ	96877.61	9194.42	16432.96	0	71250.24	DEPARTAMENTO VILLA CLARA
4458	0350	2do Trimestre_2024	70060305903	FRANK NIEBLA BERMUDEZ	112493.58	10796.15	19692.61	0	82004.81	DEPARTAMENTO VILLA CLARA
4459	0377	2do Trimestre_2024	74021806780	VLADIMIR  MANSO GONZÁLEZ	112493.58	10796.15	19692.61	0	82004.81	DEPARTAMENTO VILLA CLARA
4460	0393	2do Trimestre_2024	91042235325	LUIS MIGUEL MOYA PEREZ	97279.75	9234.63	16513.38	0	71531.73	DEPARTAMENTO VILLA CLARA
4461	0383	2do Trimestre_2024	77060911684	YOSVANY ECHEVARRÍA TURIÑO	82477.64	7705.53	13386.73	0	61385.38	DEPARTAMENTO VILLA CLARA
4462	0121	2do Trimestre_2024	67012521893	ANA MARIA HERNÁNDEZ  GONZÁLEZ	153938.55	14872.47	27749.82	0	111316.26	DEPARTAMENTO VILLA CLARA
4463	0304	2do Trimestre_2024	67030304540	EVIS ACUÑA BRAVO	110940.69	10479.29	18816.0	0	81645.4	DEPARTAMENTO VILLA CLARA
4464	0071	2do Trimestre_2024	67072816143	FÉLIX MEDINA  SUÁREZ	98104.0	9317.06	16678.23	0	72108.71	DEPARTAMENTO VILLA CLARA
4465	0209	2do Trimestre_2024	69101122122	EDEL JIMÉNEZ  ALBA	110786.37	10625.43	19351.17	0	80809.77	DEPARTAMENTO VILLA CLARA
4466	0128	2do Trimestre_2024	71040502217	MIRTA CABRERA GINORIA	109844.94	10513.09	19101.01	0	80230.84	DEPARTAMENTO CIENFUEGOS
4467	0125	2do Trimestre_2024	70051702588	LUIS ORLANDO MARTIN  MAYONADA	152378.79	14871.09	27963.48	0	109544.22	DEPARTAMENTO CIENFUEGOS
4468	03108	2do Trimestre_2024	02011872060	LUIS ANGEL YERA PEREZ	110958.12	10624.41	19323.64	0	81010.07	DEPARTAMENTO CIENFUEGOS
4469	0026	2do Trimestre_2024	91100836209	MAIKEL YUDIANNY  JIMÉNEZ  PÉREZ	53643.73	4836.3	7668.11	0	41139.32	DEPARTAMENTO CIENFUEGOS
4470	0006	2do Trimestre_2024	60110319785	ALFONSO COLINA  HURTADO	88012.99	8285.06	14582.2	0	65145.73	DEPARTAMENTO CIENFUEGOS
4471	0384	2do Trimestre_2024	70021206560	JESUS RAFAEL  DELGADO GESSA	99677.73	9491.54	17051.16	0	73135.03	DEPARTAMENTO CIENFUEGOS
4472	0165	2do Trimestre_2024	73112204169	ROLANDO GÓMEZ  SERRANO	95161.99	9005.75	16031.66	0	70124.59	DEPARTAMENTO CIENFUEGOS
4473	03128	2do Trimestre_2024	74040127747	ADEL  FERNANDEZ GONZALEZ	83815.28	7855.76	13710.26	0	62249.26	DEPARTAMENTO CIENFUEGOS
4474	03110	2do Trimestre_2024	78090919514	ALYS GARCÍA  HERNÁNDEZ	78907.4	7140.74	11868.48	0	59898.18	DEPARTAMENTO CIEGO DE AVILA
4475	0208	2do Trimestre_2024	68100305647	MARTINIANO HERNÁNDEZ  BARCELÓ	106445.71	9958.51	17631.91	0	78855.28	DEPARTAMENTO CIEGO DE AVILA
4476	03158	2do Trimestre_2024	66051608502	INELDO IDEL ESPINOSA GARCIA	72866.34	6755.13	11500.96	0	54610.25	DEPARTAMENTO CIEGO DE AVILA
4477	03115	2do Trimestre_2024	75102109967	GEORLANDY  VENEGA SANTOS	94589.95	8949.81	15921.57	0	69718.56	DEPARTAMENTO CIEGO DE AVILA
4478	0202	2do Trimestre_2024	73090803027	ABUNDIO MOYA  PÉREZ	109427.65	10471.36	19017.55	0	79938.74	DEPARTAMENTO CIEGO DE AVILA
4479	0401	2do Trimestre_2024	92080838904	JOSE CARLOS  SANCHEZ  CID 	110065.2	10535.11	19145.06	0	80385.03	DEPARTAMENTO CIEGO DE AVILA
4480	0075	2do Trimestre_2024	81122102026	JUAN CARLOS ABDALA  GARCÍA	92872.1	8778.03	15578.0	0	68516.07	DEPARTAMENTO CIEGO DE AVILA
4481	03165	2do Trimestre_2024	64112530228	EMILIO  VIÑALES  FIGUEROA	56610.59	5150.56	8321.23	0	43138.8	DEPARTAMENTO CIEGO DE AVILA
4482	0280	2do Trimestre_2024	66100605447	ALEXIS ELIA CASTILLO  JIMÉNEZ	110583.84	10586.98	19248.79	0	80748.07	DEPARTAMENTO CAMAGUEY
4483	03116	2do Trimestre_2024	84120218064	DUANY RICHARD VIGO MARRERO	111799.3	10749.54	19631.35	0	81418.41	DEPARTAMENTO CAMAGUEY
4484	0385	2do Trimestre_2024	65120808422	HECTOR EUTIQUIO MOYARES  RAMOS	103406.67	9887.16	17874.23	0	75645.28	DEPARTAMENTO CAMAGUEY
4485	0194	2do Trimestre_2024	86030318025	ADRIÁN RODRÍGUEZ BARRERAS	95912.88	9082.11	16186.16	0	70644.61	DEPARTAMENTO CAMAGUEY
4486	0201	2do Trimestre_2024	72092607622	ERIBERTO RAÚL VALDÉS  FONTELA	105952.16	9904.83	17515.88	0	78531.45	DEPARTAMENTO CAMAGUEY
4487	0277	2do Trimestre_2024	60042007981	PATRICIO HERNÁNDEZ  FÁBREGAS	110958.12	10624.41	19323.64	0	81010.07	DEPARTAMENTO CAMAGUEY
4488	0114	2do Trimestre_2024	61022414468	FERNANDO RODRÍGUEZ  CRUZ	0.0	0.0	0	0	0.0	DEPARTAMENTO HOLGUIN
4489	0161	2do Trimestre_2024	70100309809	RAMÓN SALINA  RICARDO	112401.5	10790.48	19686.23	0	81924.79	DEPARTAMENTO HOLGUIN
4490	03104	2do Trimestre_2024	79121822300	ROBERQUI HECHAVARRIA ALBA	117384.89	11285.28	20670.88	0	85428.73	DEPARTAMENTO HOLGUIN
4491	03155	2do Trimestre_2024	83040318907	SERGIO YANSEL SARMIENTO CRUZ	107608.76	10307.67	18715.65	0	78585.44	DEPARTAMENTO HOLGUIN
4492	0376	2do Trimestre_2024	72012608486	OSMANIS FERNANDEZ ANZARDO	88051.31	8294.63	14609.37	0	65147.31	DEPARTAMENTO HOLGUIN
4493	0381	2do Trimestre_2024	69032323108	ALEXIS RODRÍGUEZ CARRALERO	97286.24	9235.28	16514.68	0	71536.28	DEPARTAMENTO HOLGUIN
4494	0276	2do Trimestre_2024	85052422029	JORGE LUIS SAAVEDRA  GARCÍA	112500.07	10796.8	19693.91	0	82009.36	DEPARTAMENTO HOLGUIN
4495	0129	2do Trimestre_2024	71122510580	NESTOR ERITH HERNÁNDEZ  MENA	35078.5	2757.85	3102.7	0	29217.95	DEPARTAMENTO HOLGUIN
4496	0126	2do Trimestre_2024	70092908981	LUIS ROBERTO ALMAGUER  SOLIS	153940.53	15027.26	28275.82	0	110637.44	DEPARTAMENTO HOLGUIN
4497	0116	2do Trimestre_2024	65022214076	LIDISMIR DOROTEA VEGA  ARENA	112493.58	10796.15	19692.61	0	82004.81	DEPARTAMENTO HOLGUIN
4498	03173	2do Trimestre_2024	70031422906	PEDRO RAFAEL ALDANA ZAPATA	34239.17	2950.92	3974.46	0	27313.79	DEPARTAMENTO HOLGUIN
4499	03159	2do Trimestre_2024	91013042305	RACIEL PEREDA AGUILERA	72866.34	6755.13	11500.96	0	54610.25	DEPARTAMENTO HOLGUIN
4500	0307	2do Trimestre_2024	93011820501	ANNIER  CHAVEZ  LECTO	92229.92	8729.65	15503.42	0	67996.85	DEPARTAMENTO HOLGUIN
4501	0212	2do Trimestre_2024	80072419106	YOSVANY PRIETO  MERIÑO	110819.74	10537.24	19046.66	0	81235.84	DEPARTAMENTO HOLGUIN
4502	0335	2do Trimestre_2024	90111741222	CARLOS COBIRLLA AGUILERA	27752.07	2025.21	1749.81	0	23977.05	DEPARTAMENTO HOLGUIN
4503	0021	2do Trimestre_2024	81052023586	ILIAT REVILLA  BARRIENTOS	81127.15	7579.28	13146.54	0	60401.33	DEPARTAMENTO SANTIAGO DE CUBA
4504	0023	2do Trimestre_2024	85071026793	DIUNEIKY GIRÓN  NOA	78206.7	7287.29	12562.65	0	58356.76	DEPARTAMENTO SANTIAGO DE CUBA
4505	0131	2do Trimestre_2024	73092710173	GRISEL ORTEGA  ALVAREZ	110054.45	10532.45	19137.52	0	80384.48	DEPARTAMENTO SANTIAGO DE CUBA
4506	0149	2do Trimestre_2024	80121023416	LEYANNE MEDINA  SANABIA	116594.08	11206.2	20512.71	0	84875.16	DEPARTAMENTO SANTIAGO DE CUBA
4507	0200	2do Trimestre_2024	68092207224	YOELKIS VIAMONTE  MENDOZA	152637.06	14801.11	27689.4	0	110146.55	DEPARTAMENTO SANTIAGO DE CUBA
4508	0303	2do Trimestre_2024	81031923462	ARIAN HECHAVARRIA CASTILLO	52436.43	4521.93	6687.41	0	41227.09	DEPARTAMENTO SANTIAGO DE CUBA
4509	0368	2do Trimestre_2024	71041211283	ONIS GORGUET NUÑEZ	44499.89	3921.92	5839.34	0	34738.63	DEPARTAMENTO SANTIAGO DE CUBA
4510	0119	2do Trimestre_2024	66010807008	ALFREDO RODRÍGUEZ  LEÓN	113796.86	10946.27	20020.54	0	82830.05	DEPARTAMENTO SANTIAGO DE CUBA
4511	0018	2do Trimestre_2024	74010610566	JOSE ALAIN MASSO  ALMENARES	81067.45	7526.44	12975.24	0	60565.77	DEPARTAMENTO SANTIAGO DE CUBA
4512	0211	2do Trimestre_2024	75020713705	ARNULFO EDGAR LUNA  MENDOZA	109379.45	10561.01	19329.12	0	79489.32	DEPARTAMENTO SANTIAGO DE CUBA
4513	0072	2do Trimestre_2024	74100311048	ALEXANDER MARTÍNEZ  VIDAL	98817.38	9390.05	16826.55	0	72600.78	DEPARTAMENTO SANTIAGO DE CUBA
4514	0001	2do Trimestre_2024	68100113668	ALFREDO IGARZA  BARRIEL	77246.86	7182.3	12340.05	0	57724.52	DEPARTAMENTO SANTIAGO DE CUBA
4515	0015	2do Trimestre_2024	71061529583	ROBERTO SUÁREZ  ANTÚNEZ	84383.61	7910.77	13817.73	0	62655.11	GRUPO DE SEGURIDAD INTERNA
4516	03127	2do Trimestre_2024	84020107709	HECTOR DANIEL MENDOZA VAZQUEZ	89342.29	8423.73	14867.57	0	66050.99	GRUPO DE SEGURIDAD INTERNA
4517	0252	2do Trimestre_2024	50061609841	FRANCISCO JIMÉNEZ  FÚ	85486.59	8017.16	14025.01	0	63444.42	GRUPO DE SEGURIDAD INTERNA
4518	0402	2do Trimestre_2024	92110530422	DAYLON  QUESADA  HECHAVARRÍA 	104799.69	9968.9	17957.1	0	76873.69	GRUPO DE SEGURIDAD INTERNA
4519	03120	2do Trimestre_2024	68040704042	ROLANDO  GONZALEZ PADRO	81642.58	7517.64	12829.05	0	61295.88	GRUPO DE SEGURIDAD INTERNA
4520	0387	2do Trimestre_2024	63081402387	GERARDO  FERNÁNDEZ BORROTO	83626.17	7831.12	13652.93	0	62142.13	GRUPO DE SEGURIDAD INTERNA
4521	0361	2do Trimestre_2024	65101303162	EDUARDO LEYVA SIANKA	58497.65	5099.77	7786.53	0	45611.36	GRUPO DE SEGURIDAD INTERNA
4522	03129	2do Trimestre_2024	97080908102	ANDY  FERNANDEZ RAMON	73232.61	6690.63	11203.0	0	55338.98	GRUPO DE SEGURIDAD INTERNA
\.


--
-- Data for Name: vacacionesp; Type: TABLE DATA; Schema: public; Owner: postgres
--

COPY public.vacacionesp (id, dias, monto, vacacionesp_empleado_id, vacacionesp_periodo_id, tiempo_tota, importe_total) FROM stdin;
99636	0	0.00	0151	77	12.0000	3416.91
99703	6	1723.59	03134	77	6.0000	1723.59
98421	0	0.00	0309	76	12.0000	3374.40
99606	0	0.00	0082	77	5.0000	1855.09
99592	1	281.96	0030	77	1.0000	281.96
101256	5	1056.52	0363	78	5.0000	1056.52
101157	7	2526.78	0029	78	7.0000	2526.78
98450	16	4578.93	0345	76	16.0000	4578.93
101254	2	573.54	0345	78	2.0000	573.54
98425	6	1978.20	03105	76	6.0000	1978.20
99765	5	1805.60	0258	77	5.0000	1805.60
98465	0	0.00	03133	76	12.0000	2311.41
99594	10	1654.60	0032	77	10.0000	1654.60
99624	16	5219.28	0117	77	16.0000	5219.28
99717	0	0.00	0331	77	12.0000	3407.07
99797	0	0.00	0262	77	8.0000	2846.64
101213	5	1775.74	0259	78	5.0000	1775.74
101258	5	1738.55	0366	78	5.0000	1738.55
101163	2	413.51	0046	78	2.0000	413.51
97366	0	0	0083	75	6.0000	1352.48
98370	6	1355.42	0083	76	6.0000	1355.42
101167	5	962.90	0081	78	5.0000	962.90
98433	8	1999.26	03113	76	8.0000	1999.26
99598	12	2606.78	0055	77	12.0000	2606.78
97360	0	0.00	0067	75	7.0000	1514.55
97410	0	0.00	0180	75	12.0000	2459.28
101217	8	1938.81	0274	78	8.0000	1938.81
101221	8	2269.26	0283	78	8.0000	2269.26
98415	5	1113.21	0294	76	5.0000	1113.21
99687	15	3644.64	03119	77	15.0000	3644.64
99729	1	242.62	0378	77	1.0000	242.62
97487	0	0	0388	75	11.0000	2698.21
97433	0	0.00	0264	75	8.0000	2842.26
98444	0	0.00	0338	76	6.0000	1819.81
98372	0	0.00	0087	76	6.0000	1708.95
99610	5	2113.04	0086	77	5.0000	2113.04
97502	0	0.00	0405	75	6.0000	2295.30
98409	0	0.00	0249	76	8.0000	3687.23
101203	5	2239.60	0249	78	5.0000	2239.60
99769	0	0.00	0115	77	6.0000	1429.48
99581	8	4898.21	0014	77	8.0000	4898.21
101155	5	3183.17	0014	78	5.0000	3183.17
99612	0	0.00	0090	77	9.0000	2666.48
99665	0	0.00	0235	77	8.0000	2644.36
99669	6	3710.45	0248	77	6.0000	3710.45
99685	5	1327.19	03117	77	5.0000	1327.19
99734	5	1411.44	0398	77	5.0000	1411.44
99706	5	979.17	03145	77	5.0000	979.17
101241	6	3403.85	03137	78	6.0000	3403.85
101215	6	1554.81	0270	78	6.0000	1554.81
101196	6	2048.38	0213	78	6.0000	2048.38
99579	12	2082.90	0013	77	12.0000	2082.90
97469	0	0.00	0349	75	12.0000	2096.14
98341	4	695.90	0005	76	11.0000	1913.71
99573	7	1231.86	0005	77	7.0000	1231.86
98407	12	2305.52	0246	76	12.0000	2305.52
97506	0	0.00	0091	75	8.0000	3128.58
99616	0	0.00	0091	77	6.0000	2630.27
101161	7	1683.37	0045	78	7.0000	1683.37
97331	0	0.00	0033	75	6.0000	961.40
98339	5	878.48	0003	76	5.0000	878.48
98472	0	0.00	0162	76	11.0000	2266.01
98353	0	0.00	0025	76	12.0000	2138.04
98349	5	856.70	0022	76	5.0000	856.70
99575	4	724.82	0010	77	9.0000	1630.84
98345	0	0.00	0008	76	5.0000	864.18
98403	6	1207.69	0163	76	6.0000	1207.69
101187	2	356.67	0173	78	2.0000	356.67
99644	8	1430.22	0175	77	8.0000	1430.22
99646	7	1337.06	0176	77	7.0000	1337.06
99652	8	1423.62	0189	77	8.0000	1423.62
97427	0	0.00	0261	75	6.0000	2077.16
98413	6	1467.39	0275	76	6.0000	1467.39
99697	4	735.40	03124	77	12.0000	2206.21
101235	5	1221.95	03126	78	5.0000	1221.95
97495	0	0.00	0392	75	12.0000	2076.75
97545	0	0.00	0140	75	5.0000	1245.03
97390	0	0.00	0137	75	5.0000	1170.98
98387	0	0.00	0142	76	6.0000	1461.87
99632	0	0.00	0142	77	5.0000	1220.06
98383	0	0.00	0136	76	6.0000	1442.52
99628	0	0.00	0135	77	9.0000	2139.48
101179	2	479.39	0130	78	2.0000	479.39
99761	5	866.77	0059	77	11.0000	1906.89
99620	9	2233.58	0096	77	9.0000	2233.58
98366	0	0.00	0078	76	8.0000	1920.77
97356	0	0.00	0064	75	9.0000	2202.07
97350	0	0.00	0062	75	5.0000	838.31
98362	8	1412.80	0057	76	9.0000	1589.40
101223	12	2816.26	0297	78	12.0000	2816.26
97448	0	0	0302	75	8.0000	1899.27
101165	11	2485.71	0066	78	11.0000	2485.71
98358	0	0.00	0053	76	11.0000	1962.62
99596	5	809.96	0034	77	5.0000	809.96
101159	5	816.53	0034	78	5.0000	816.53
98417	0	0.00	0307	76	11.0000	2261.73
99658	0	0.00	0208	77	12.0000	3068.76
101194	6	1579.09	0208	78	6.0000	1579.09
98335	8	1401.56	0001	76	10.0000	1751.95
99775	0	0.00	0121	77	9.0000	3091.50
98476	0	0.00	0212	76	12.0000	2905.46
97378	0	0.00	0113	75	5.0000	1178.01
97396	0	0	0159	75	2.0000	403.54
99648	0	0.00	0177	77	5.0000	1047.02
97416	0	0.00	0199	75	8.0000	2764.60
98462	1	180.81	0293	76	1.0000	180.81
98438	0	0.00	0314	76	5.0000	902.14
97475	0	0.00	0353	75	12.0000	2271.25
98393	12	2917.54	0145	76	12.0000	2917.54
99786	12	2462.91	0193	77	12.0000	2462.91
98381	12	2934.73	0134	76	12.0000	2934.73
98391	12	2838.58	0143	76	12.0000	2838.58
99602	12	2527.78	0071	77	12.0000	2527.78
99681	0	0.00	0304	77	12.0000	2896.33
97420	0	0.00	0209	75	12.0000	2888.51
99677	0	0.00	0299	77	11.0000	2279.88
98431	12	2149.01	03111	76	12.0000	2149.01
99693	9	1988.19	03121	77	9.0000	1988.19
97483	0	0	0383	75	5.0000	879.59
97321	0	0	0006	75	4.0000	722.18
99731	7	1414.64	0384	77	7.0000	1414.64
97400	0	0	0165	75	5.0000	1025.12
99701	8	1443.87	03128	77	8.0000	1443.87
98377	8	1924.81	0128	76	8.0000	1924.81
97384	0	0.00	0125	75	12.0000	3971.33
99736	6	1465.18	0401	77	6.0000	1465.18
99604	11	2290.77	0075	77	11.0000	2290.77
98427	8	2789.63	03110	76	11.0000	3835.74
97441	0	0.00	0280	75	12.0000	2911.11
97456	0	0.00	03116	75	12.0000	2728.13
99744	16	5863.47	0201	77	16.0000	5863.47
98379	12	2905.89	0129	76	12.0000	2905.89
98397	12	2950.43	0161	76	12.0000	2950.43
99662	5	1581.70	0211	77	5.0000	1581.70
99757	6	1092.73	0018	77	12.0000	2185.47
98351	12	2099.99	0023	76	12.0000	2099.99
99626	12	2979.90	0119	77	12.0000	2979.90
98395	6	1454.94	0149	76	6.0000	1454.94
101190	5	1705.15	0200	78	5.0000	1705.15
97325	0	0	0015	75	1.0000	173.99
99583	6	1057.34	0015	77	6.0000	1057.34
99695	11	2126.94	03122	77	11.0000	2126.94
98453	8	1793.28	0358	76	8.0000	1793.28
97335	0	0.00	0038	75	12.0000	2860.58
97491	0	0.00	0389	75	6.0000	3935.15
99640	0	0.00	0158	77	8.0000	1398.87
97549	0	0.00	0148	75	5.0000	1191.59
101181	6	1464.66	0148	78	6.0000	1464.66
99589	12	2204.33	0021	77	12.0000	2204.33
98455	12	2149.70	0387	76	12.0000	2149.70
98436	5	906.25	03129	76	5.0000	906.25
101238	7	1301.07	03129	78	7.0000	1301.07
99689	0	0.00	03120	77	11.0000	1985.78
\.


--
-- Name: area_id_seq; Type: SEQUENCE SET; Schema: public; Owner: postgres
--

SELECT pg_catalog.setval('public.area_id_seq', 1, false);


--
-- Name: opago_id_seq; Type: SEQUENCE SET; Schema: public; Owner: postgres
--

SELECT pg_catalog.setval('public.opago_id_seq', 10, true);


--
-- Name: resumen_calculo_utilidades_id_seq; Type: SEQUENCE SET; Schema: public; Owner: postgres
--

SELECT pg_catalog.setval('public.resumen_calculo_utilidades_id_seq', 22969, true);


--
-- Name: rol_rol_id_seq; Type: SEQUENCE SET; Schema: public; Owner: postgres
--

SELECT pg_catalog.setval('public.rol_rol_id_seq', 1, false);


--
-- Name: tipo_evaluacion_id_seq; Type: SEQUENCE SET; Schema: public; Owner: postgres
--

SELECT pg_catalog.setval('public.tipo_evaluacion_id_seq', 1, false);


--
-- Name: tipo_pago_id_seq; Type: SEQUENCE SET; Schema: public; Owner: postgres
--

SELECT pg_catalog.setval('public.tipo_pago_id_seq', 17, true);


--
-- Name: usuario_user_id_seq; Type: SEQUENCE SET; Schema: public; Owner: postgres
--

SELECT pg_catalog.setval('public.usuario_user_id_seq', 1, false);


--
-- Name: utilidades_distribucion_id_seq; Type: SEQUENCE SET; Schema: public; Owner: postgres
--

SELECT pg_catalog.setval('public.utilidades_distribucion_id_seq', 40, true);


--
-- Name: utilidades_printhist_id_seq; Type: SEQUENCE SET; Schema: public; Owner: postgres
--

SELECT pg_catalog.setval('public.utilidades_printhist_id_seq', 4522, true);


--
-- Name: area area_pkey; Type: CONSTRAINT; Schema: public; Owner: postgres
--

ALTER TABLE ONLY public.area
    ADD CONSTRAINT area_pkey PRIMARY KEY (id);


--
-- Name: empleado empleado_pkey; Type: CONSTRAINT; Schema: public; Owner: postgres
--

ALTER TABLE ONLY public.empleado
    ADD CONSTRAINT empleado_pkey PRIMARY KEY (id);


--
-- Name: opago opago_pkey; Type: CONSTRAINT; Schema: public; Owner: postgres
--

ALTER TABLE ONLY public.opago
    ADD CONSTRAINT opago_pkey PRIMARY KEY (id);


--
-- Name: pago_salario pago_salario_pkey; Type: CONSTRAINT; Schema: public; Owner: postgres
--

ALTER TABLE ONLY public.pago_salario
    ADD CONSTRAINT pago_salario_pkey PRIMARY KEY (id);


--
-- Name: periodo periodo_pkey; Type: CONSTRAINT; Schema: public; Owner: postgres
--

ALTER TABLE ONLY public.periodo
    ADD CONSTRAINT periodo_pkey PRIMARY KEY (id);


--
-- Name: resumen_calculo_utilidades resumen_calculo_utilidades_pkey; Type: CONSTRAINT; Schema: public; Owner: postgres
--

ALTER TABLE ONLY public.resumen_calculo_utilidades
    ADD CONSTRAINT resumen_calculo_utilidades_pkey PRIMARY KEY (id);


--
-- Name: rol rol_pkey; Type: CONSTRAINT; Schema: public; Owner: postgres
--

ALTER TABLE ONLY public.rol
    ADD CONSTRAINT rol_pkey PRIMARY KEY (rol_id);


--
-- Name: tipo_evaluacion tipo_evaluacion_pkey; Type: CONSTRAINT; Schema: public; Owner: postgres
--

ALTER TABLE ONLY public.tipo_evaluacion
    ADD CONSTRAINT tipo_evaluacion_pkey PRIMARY KEY (id);


--
-- Name: tipo_pago tipo_pago_pkey; Type: CONSTRAINT; Schema: public; Owner: postgres
--

ALTER TABLE ONLY public.tipo_pago
    ADD CONSTRAINT tipo_pago_pkey PRIMARY KEY (id);


--
-- Name: usuario usuario_pkey; Type: CONSTRAINT; Schema: public; Owner: postgres
--

ALTER TABLE ONLY public.usuario
    ADD CONSTRAINT usuario_pkey PRIMARY KEY (user_id);


--
-- Name: utilidades_distribucion utilidades_distribucion_name_distribucionu_key; Type: CONSTRAINT; Schema: public; Owner: postgres
--

ALTER TABLE ONLY public.utilidades_distribucion
    ADD CONSTRAINT utilidades_distribucion_name_distribucionu_key UNIQUE (name_distribucionu);


--
-- Name: utilidades_distribucion utilidades_distribucion_pkey; Type: CONSTRAINT; Schema: public; Owner: postgres
--

ALTER TABLE ONLY public.utilidades_distribucion
    ADD CONSTRAINT utilidades_distribucion_pkey PRIMARY KEY (id);


--
-- Name: vacacionesp vacacionesp_pkey; Type: CONSTRAINT; Schema: public; Owner: postgres
--

ALTER TABLE ONLY public.vacacionesp
    ADD CONSTRAINT vacacionesp_pkey PRIMARY KEY (id);


--
-- Name: empleado fk_empleado_area; Type: FK CONSTRAINT; Schema: public; Owner: postgres
--

ALTER TABLE ONLY public.empleado
    ADD CONSTRAINT fk_empleado_area FOREIGN KEY (empleado_area_id) REFERENCES public.area(id) ON UPDATE CASCADE ON DELETE CASCADE;


--
-- Name: evaluacion fk_evaluacion_empleado; Type: FK CONSTRAINT; Schema: public; Owner: postgres
--

ALTER TABLE ONLY public.evaluacion
    ADD CONSTRAINT fk_evaluacion_empleado FOREIGN KEY (evaluacion_empleado_id) REFERENCES public.empleado(id) ON UPDATE CASCADE ON DELETE CASCADE;


--
-- Name: evaluacion fk_evaluacion_periodo; Type: FK CONSTRAINT; Schema: public; Owner: postgres
--

ALTER TABLE ONLY public.evaluacion
    ADD CONSTRAINT fk_evaluacion_periodo FOREIGN KEY (evaluacion_perio_id) REFERENCES public.periodo(id) ON UPDATE CASCADE ON DELETE CASCADE;


--
-- Name: evaluacion fk_evaluacion_tipoevaluacion; Type: FK CONSTRAINT; Schema: public; Owner: postgres
--

ALTER TABLE ONLY public.evaluacion
    ADD CONSTRAINT fk_evaluacion_tipoevaluacion FOREIGN KEY (evaluacion_tipoevaluacion_id) REFERENCES public.tipo_evaluacion(id) ON UPDATE CASCADE ON DELETE CASCADE;


--
-- Name: opago fk_opago_empleado; Type: FK CONSTRAINT; Schema: public; Owner: postgres
--

ALTER TABLE ONLY public.opago
    ADD CONSTRAINT fk_opago_empleado FOREIGN KEY (opago_empleado_id) REFERENCES public.empleado(id) ON UPDATE CASCADE ON DELETE CASCADE;


--
-- Name: opago fk_opago_periodo; Type: FK CONSTRAINT; Schema: public; Owner: postgres
--

ALTER TABLE ONLY public.opago
    ADD CONSTRAINT fk_opago_periodo FOREIGN KEY (opago_periodo_id) REFERENCES public.periodo(id) ON UPDATE CASCADE ON DELETE CASCADE;


--
-- Name: pago_salario fk_pago_salario_empleado; Type: FK CONSTRAINT; Schema: public; Owner: postgres
--

ALTER TABLE ONLY public.pago_salario
    ADD CONSTRAINT fk_pago_salario_empleado FOREIGN KEY (psalario_empleado_id) REFERENCES public.empleado(id) ON UPDATE CASCADE ON DELETE CASCADE;


--
-- Name: pago_salario fk_pago_salario_periodo; Type: FK CONSTRAINT; Schema: public; Owner: postgres
--

ALTER TABLE ONLY public.pago_salario
    ADD CONSTRAINT fk_pago_salario_periodo FOREIGN KEY (psalario_periodo_id) REFERENCES public.periodo(id) ON UPDATE CASCADE ON DELETE CASCADE;


--
-- Name: resumen_calculo_utilidades fk_rc_utilidades_empleado; Type: FK CONSTRAINT; Schema: public; Owner: postgres
--

ALTER TABLE ONLY public.resumen_calculo_utilidades
    ADD CONSTRAINT fk_rc_utilidades_empleado FOREIGN KEY (resumen_empleado_id) REFERENCES public.empleado(id) ON UPDATE CASCADE ON DELETE CASCADE;


--
-- Name: resumen_calculo_utilidades fk_rc_utilidades_utilidadesd; Type: FK CONSTRAINT; Schema: public; Owner: postgres
--

ALTER TABLE ONLY public.resumen_calculo_utilidades
    ADD CONSTRAINT fk_rc_utilidades_utilidadesd FOREIGN KEY (resumen_utilidadesd_id) REFERENCES public.utilidades_distribucion(id) ON UPDATE CASCADE ON DELETE CASCADE;


--
-- Name: utilidades_periodo_incluye fk_upincluye_periodo; Type: FK CONSTRAINT; Schema: public; Owner: postgres
--

ALTER TABLE ONLY public.utilidades_periodo_incluye
    ADD CONSTRAINT fk_upincluye_periodo FOREIGN KEY (upincluye_periodo_id) REFERENCES public.periodo(id) ON UPDATE CASCADE ON DELETE CASCADE;


--
-- Name: utilidades_periodo_incluye fk_upincluye_utilidadesd; Type: FK CONSTRAINT; Schema: public; Owner: postgres
--

ALTER TABLE ONLY public.utilidades_periodo_incluye
    ADD CONSTRAINT fk_upincluye_utilidadesd FOREIGN KEY (upincluye_utilidadesd_id) REFERENCES public.utilidades_distribucion(id) ON UPDATE CASCADE ON DELETE CASCADE;


--
-- Name: usuario_roles fk_usuario_roles_rol; Type: FK CONSTRAINT; Schema: public; Owner: postgres
--

ALTER TABLE ONLY public.usuario_roles
    ADD CONSTRAINT fk_usuario_roles_rol FOREIGN KEY (userrol_rol_id) REFERENCES public.rol(rol_id) ON UPDATE CASCADE ON DELETE CASCADE;


--
-- Name: usuario_roles fk_usuario_roles_user; Type: FK CONSTRAINT; Schema: public; Owner: postgres
--

ALTER TABLE ONLY public.usuario_roles
    ADD CONSTRAINT fk_usuario_roles_user FOREIGN KEY (userrol_user_id) REFERENCES public.usuario(user_id) ON UPDATE CASCADE ON DELETE CASCADE;


--
-- Name: vacacionesp fk_vacacionesp_empleado; Type: FK CONSTRAINT; Schema: public; Owner: postgres
--

ALTER TABLE ONLY public.vacacionesp
    ADD CONSTRAINT fk_vacacionesp_empleado FOREIGN KEY (vacacionesp_empleado_id) REFERENCES public.empleado(id) ON UPDATE CASCADE ON DELETE CASCADE;


--
-- Name: vacacionesp fk_vacacionesp_periodo; Type: FK CONSTRAINT; Schema: public; Owner: postgres
--

ALTER TABLE ONLY public.vacacionesp
    ADD CONSTRAINT fk_vacacionesp_periodo FOREIGN KEY (vacacionesp_periodo_id) REFERENCES public.periodo(id) ON UPDATE CASCADE ON DELETE CASCADE;


--
-- PostgreSQL database dump complete
--

