--
-- PostgreSQL database dump
--

-- Dumped from database version 15.8 (Debian 15.8-0+deb12u1)
-- Dumped by pg_dump version 15.8 (Debian 15.8-0+deb12u1)

SET statement_timeout = 0;
SET lock_timeout = 0;
SET idle_in_transaction_session_timeout = 0;
SET client_encoding = 'UTF8';
SET standard_conforming_strings = on;
SELECT pg_catalog.set_config('search_path', '', false);
SET check_function_bodies = false;
SET xmloption = content;
SET client_min_messages = warning;
SET row_security = off;

SET default_tablespace = '';

SET default_table_access_method = heap;

--
-- Name: area; Type: TABLE; Schema: public; Owner: postgres
--

CREATE TABLE public.area (
    id integer NOT NULL,
    area character varying(60)
);


ALTER TABLE public.area OWNER TO postgres;

--
-- Name: area_id_seq; Type: SEQUENCE; Schema: public; Owner: postgres
--

CREATE SEQUENCE public.area_id_seq
    AS integer
    START WITH 1
    INCREMENT BY 1
    NO MINVALUE
    NO MAXVALUE
    CACHE 1;


ALTER TABLE public.area_id_seq OWNER TO postgres;

--
-- Name: area_id_seq; Type: SEQUENCE OWNED BY; Schema: public; Owner: postgres
--

ALTER SEQUENCE public.area_id_seq OWNED BY public.area.id;


--
-- Name: empleado; Type: TABLE; Schema: public; Owner: postgres
--

CREATE TABLE public.empleado (
    id character varying NOT NULL,
    nombreap character varying(60) NOT NULL,
    ci character varying(11) NOT NULL,
    escalas character varying(5) NOT NULL,
    thoraria double precision NOT NULL,
    destajo boolean,
    empleado_area_id integer NOT NULL
);


ALTER TABLE public.empleado OWNER TO postgres;

--
-- Name: evaluacion; Type: TABLE; Schema: public; Owner: postgres
--

CREATE TABLE public.evaluacion (
    evaluacion_empleado_id character varying,
    evaluacion_tipoevaluacion_id integer,
    evaluacion_perio_id integer
);


ALTER TABLE public.evaluacion OWNER TO postgres;

--
-- Name: opago; Type: TABLE; Schema: public; Owner: postgres
--

CREATE TABLE public.opago (
    id integer NOT NULL,
    tpago_id integer NOT NULL,
    monto numeric NOT NULL,
    opago_periodo_id integer NOT NULL,
    opago_empleado_id character varying NOT NULL
);


ALTER TABLE public.opago OWNER TO postgres;

--
-- Name: opago_id_seq; Type: SEQUENCE; Schema: public; Owner: postgres
--

CREATE SEQUENCE public.opago_id_seq
    AS integer
    START WITH 1
    INCREMENT BY 1
    NO MINVALUE
    NO MAXVALUE
    CACHE 1;


ALTER TABLE public.opago_id_seq OWNER TO postgres;

--
-- Name: opago_id_seq; Type: SEQUENCE OWNED BY; Schema: public; Owner: postgres
--

ALTER SEQUENCE public.opago_id_seq OWNED BY public.opago.id;


--
-- Name: pago_salario; Type: TABLE; Schema: public; Owner: postgres
--

CREATE TABLE public.pago_salario (
    id integer NOT NULL,
    sal_devengado numeric,
    destajo numeric,
    horast numeric,
    psalario_empleado_id character varying,
    psalario_periodo_id integer
);


ALTER TABLE public.pago_salario OWNER TO postgres;

--
-- Name: periodo; Type: TABLE; Schema: public; Owner: postgres
--

CREATE TABLE public.periodo (
    id integer NOT NULL,
    mes character varying,
    ordent integer,
    fechainicio date,
    fechafin date
);


ALTER TABLE public.periodo OWNER TO postgres;

--
-- Name: resumen_calculo_utilidades; Type: TABLE; Schema: public; Owner: postgres
--

CREATE TABLE public.resumen_calculo_utilidades (
    id integer NOT NULL,
    resumen_empleado_id character varying,
    resumen_utilidadesd_id integer,
    mtvacaciones numeric,
    mtsalario numeric,
    horastt numeric,
    coeficienteeva_utilidades numeric,
    descrip_coeficiente text,
    devengado numeric NOT NULL
);


ALTER TABLE public.resumen_calculo_utilidades OWNER TO postgres;

--
-- Name: resumen_calculo_utilidades_id_seq; Type: SEQUENCE; Schema: public; Owner: postgres
--

CREATE SEQUENCE public.resumen_calculo_utilidades_id_seq
    AS integer
    START WITH 1
    INCREMENT BY 1
    NO MINVALUE
    NO MAXVALUE
    CACHE 1;


ALTER TABLE public.resumen_calculo_utilidades_id_seq OWNER TO postgres;

--
-- Name: resumen_calculo_utilidades_id_seq; Type: SEQUENCE OWNED BY; Schema: public; Owner: postgres
--

ALTER SEQUENCE public.resumen_calculo_utilidades_id_seq OWNED BY public.resumen_calculo_utilidades.id;


--
-- Name: rol; Type: TABLE; Schema: public; Owner: postgres
--

CREATE TABLE public.rol (
    rol_id integer NOT NULL,
    rol character varying,
    descripcion text
);


ALTER TABLE public.rol OWNER TO postgres;

--
-- Name: rol_rol_id_seq; Type: SEQUENCE; Schema: public; Owner: postgres
--

CREATE SEQUENCE public.rol_rol_id_seq
    AS integer
    START WITH 1
    INCREMENT BY 1
    NO MINVALUE
    NO MAXVALUE
    CACHE 1;


ALTER TABLE public.rol_rol_id_seq OWNER TO postgres;

--
-- Name: rol_rol_id_seq; Type: SEQUENCE OWNED BY; Schema: public; Owner: postgres
--

ALTER SEQUENCE public.rol_rol_id_seq OWNED BY public.rol.rol_id;


--
-- Name: tipo_evaluacion; Type: TABLE; Schema: public; Owner: postgres
--

CREATE TABLE public.tipo_evaluacion (
    id integer NOT NULL,
    eva character(2) NOT NULL,
    peso integer DEFAULT 0 NOT NULL
);


ALTER TABLE public.tipo_evaluacion OWNER TO postgres;

--
-- Name: tipo_evaluacion_id_seq; Type: SEQUENCE; Schema: public; Owner: postgres
--

CREATE SEQUENCE public.tipo_evaluacion_id_seq
    AS integer
    START WITH 1
    INCREMENT BY 1
    NO MINVALUE
    NO MAXVALUE
    CACHE 1;


ALTER TABLE public.tipo_evaluacion_id_seq OWNER TO postgres;

--
-- Name: tipo_evaluacion_id_seq; Type: SEQUENCE OWNED BY; Schema: public; Owner: postgres
--

ALTER SEQUENCE public.tipo_evaluacion_id_seq OWNED BY public.tipo_evaluacion.id;


--
-- Name: tipo_pago; Type: TABLE; Schema: public; Owner: postgres
--

CREATE TABLE public.tipo_pago (
    id integer NOT NULL,
    tipo character varying(60) NOT NULL
);


ALTER TABLE public.tipo_pago OWNER TO postgres;

--
-- Name: tipo_pago_id_seq; Type: SEQUENCE; Schema: public; Owner: postgres
--

CREATE SEQUENCE public.tipo_pago_id_seq
    AS integer
    START WITH 1
    INCREMENT BY 1
    NO MINVALUE
    NO MAXVALUE
    CACHE 1;


ALTER TABLE public.tipo_pago_id_seq OWNER TO postgres;

--
-- Name: tipo_pago_id_seq; Type: SEQUENCE OWNED BY; Schema: public; Owner: postgres
--

ALTER SEQUENCE public.tipo_pago_id_seq OWNED BY public.tipo_pago.id;


--
-- Name: usuario; Type: TABLE; Schema: public; Owner: postgres
--

CREATE TABLE public.usuario (
    user_id integer NOT NULL,
    username character varying NOT NULL,
    pass character varying NOT NULL,
    descripcion text
);


ALTER TABLE public.usuario OWNER TO postgres;

--
-- Name: usuario_roles; Type: TABLE; Schema: public; Owner: postgres
--

CREATE TABLE public.usuario_roles (
    userrol_user_id integer,
    userrol_rol_id integer
);


ALTER TABLE public.usuario_roles OWNER TO postgres;

--
-- Name: usuario_user_id_seq; Type: SEQUENCE; Schema: public; Owner: postgres
--

CREATE SEQUENCE public.usuario_user_id_seq
    AS integer
    START WITH 1
    INCREMENT BY 1
    NO MINVALUE
    NO MAXVALUE
    CACHE 1;


ALTER TABLE public.usuario_user_id_seq OWNER TO postgres;

--
-- Name: usuario_user_id_seq; Type: SEQUENCE OWNED BY; Schema: public; Owner: postgres
--

ALTER SEQUENCE public.usuario_user_id_seq OWNED BY public.usuario.user_id;


--
-- Name: utilidades_distribucion; Type: TABLE; Schema: public; Owner: postgres
--

CREATE TABLE public.utilidades_distribucion (
    id integer NOT NULL,
    name_distribucionu text NOT NULL,
    monto_distribuir numeric NOT NULL,
    anno integer NOT NULL
);


ALTER TABLE public.utilidades_distribucion OWNER TO postgres;

--
-- Name: utilidades_distribucion_id_seq; Type: SEQUENCE; Schema: public; Owner: postgres
--

CREATE SEQUENCE public.utilidades_distribucion_id_seq
    AS integer
    START WITH 1
    INCREMENT BY 1
    NO MINVALUE
    NO MAXVALUE
    CACHE 1;


ALTER TABLE public.utilidades_distribucion_id_seq OWNER TO postgres;

--
-- Name: utilidades_distribucion_id_seq; Type: SEQUENCE OWNED BY; Schema: public; Owner: postgres
--

ALTER SEQUENCE public.utilidades_distribucion_id_seq OWNED BY public.utilidades_distribucion.id;


--
-- Name: utilidades_periodo_incluye; Type: TABLE; Schema: public; Owner: postgres
--

CREATE TABLE public.utilidades_periodo_incluye (
    upincluye_utilidadesd_id integer,
    upincluye_periodo_id integer,
    efectuado boolean DEFAULT false
);


ALTER TABLE public.utilidades_periodo_incluye OWNER TO postgres;

--
-- Name: utilidades_printhist; Type: TABLE; Schema: public; Owner: postgres
--

CREATE TABLE public.utilidades_printhist (
    codigo_empleado character varying,
    name_utilidad text,
    ci character varying(11),
    nombap character varying(60),
    devengado_util numeric,
    aporte_ss numeric,
    imp_ingp numeric,
    descuento_rm numeric,
    neto_cobrar numeric
);


ALTER TABLE public.utilidades_printhist OWNER TO postgres;

--
-- Name: vacacionesp; Type: TABLE; Schema: public; Owner: postgres
--

CREATE TABLE public.vacacionesp (
    id integer NOT NULL,
    dias integer,
    monto numeric,
    vacacionesp_empleado_id character varying,
    vacacionesp_periodo_id integer,
    tiempo_tota numeric,
    importe_total numeric
);


ALTER TABLE public.vacacionesp OWNER TO postgres;

--
-- Name: area id; Type: DEFAULT; Schema: public; Owner: postgres
--

ALTER TABLE ONLY public.area ALTER COLUMN id SET DEFAULT nextval('public.area_id_seq'::regclass);


--
-- Name: opago id; Type: DEFAULT; Schema: public; Owner: postgres
--

ALTER TABLE ONLY public.opago ALTER COLUMN id SET DEFAULT nextval('public.opago_id_seq'::regclass);


--
-- Name: resumen_calculo_utilidades id; Type: DEFAULT; Schema: public; Owner: postgres
--

ALTER TABLE ONLY public.resumen_calculo_utilidades ALTER COLUMN id SET DEFAULT nextval('public.resumen_calculo_utilidades_id_seq'::regclass);


--
-- Name: rol rol_id; Type: DEFAULT; Schema: public; Owner: postgres
--

ALTER TABLE ONLY public.rol ALTER COLUMN rol_id SET DEFAULT nextval('public.rol_rol_id_seq'::regclass);


--
-- Name: tipo_evaluacion id; Type: DEFAULT; Schema: public; Owner: postgres
--

ALTER TABLE ONLY public.tipo_evaluacion ALTER COLUMN id SET DEFAULT nextval('public.tipo_evaluacion_id_seq'::regclass);


--
-- Name: tipo_pago id; Type: DEFAULT; Schema: public; Owner: postgres
--

ALTER TABLE ONLY public.tipo_pago ALTER COLUMN id SET DEFAULT nextval('public.tipo_pago_id_seq'::regclass);


--
-- Name: usuario user_id; Type: DEFAULT; Schema: public; Owner: postgres
--

ALTER TABLE ONLY public.usuario ALTER COLUMN user_id SET DEFAULT nextval('public.usuario_user_id_seq'::regclass);


--
-- Name: utilidades_distribucion id; Type: DEFAULT; Schema: public; Owner: postgres
--

ALTER TABLE ONLY public.utilidades_distribucion ALTER COLUMN id SET DEFAULT nextval('public.utilidades_distribucion_id_seq'::regclass);


--
-- Data for Name: area; Type: TABLE DATA; Schema: public; Owner: postgres
--

COPY public.area (id, area) FROM stdin;
1	DIRECCION
2	SUBDIRECCION COMERCIAL
3	SUBDIRECCION CONTABLE FINANCIERA
4	SUBDIRECCION DE ADMINISTRACION
5	SUBDIRECCION DE DESARROLLO
6	SUBDIRECCION INFORMATICA
7	SUBDIRECCION DE ASEGURAMIENTO
8	GRUPO ALMACEN SIBONEY
9	SUBDIRECCION DE OPERACIONES
10	SUBDIRECCION TECNICA
11	GRUPO TALLER BOYEROS
12	GRUPO TALLER HABANA
13	GRUPO TALLER SIBONEY
14	DEPARTAMENTO AEROPUERTO
15	GRUPO DE VENTAS PINAR DEL RIO
16	DEPARTAMENTO CIUDAD
17	DEPARTAMENTO VARADERO
18	DEPARTAMENTO VILLA CLARA
19	DEPARTAMENTO CIENFUEGOS
20	DEPARTAMENTO CIEGO DE AVILA
21	DEPARTAMENTO CAMAGUEY
22	DEPARTAMENTO HOLGUIN
23	DEPARTAMENTO SANTIAGO DE CUBA
24	GRUPO DE SEGURIDAD INTERNA
\.


--
-- Data for Name: empleado; Type: TABLE DATA; Schema: public; Owner: postgres
--

COPY public.empleado (id, nombreap, ci, escalas, thoraria, destajo, empleado_area_id) FROM stdin;
0030	MARITZA MOYA CUELLAR	65012826774	X	36.2015	f	1
0082	ARTURO EVASIO SÁNCHEZ  MARTÍNEZ	63121215640	XVII	47.744	f	1
0256	JOSÉ GUTIERREZ  GARCÍA	71062101786	XVI	44.0714	f	1
0309	ERIK LÁZARO PRENDES LAGO	83070627289	X	36.2015	f	1
0363	DILENIA HIDALGO SUÁREZ	81102406997	IV	26.7576	f	1
0365	ONEDIS BASULTO HERNÁNDEZ	92082440121	XVI	45.6453	f	1
0029	CLAUDIA LINARES  SOSA	85022805459	XVI	45.6453	f	2
0089	EDGAR SÁNCHEZ  OLIVA	80091007502	X	36.2015	f	2
0093	JANETT ADRIANA VÁZQUEZ  FANEGO	65111919779	X	36.2015	f	2
0250	ARIANNA PÉREZ  LLANO	92090230750	VI	30.9549	f	2
0399	ADRIANA VALERA CORREA	96040706757	XIV	41.4481	f	2
0105	DANIA BERETERVIDE  DOPICO	64061801112	X	36.2015	f	3
0107	DOLORES RETURETA  ROJO	65082401895	X	34.6275	f	3
0258	SUILEN REYES  SUÁREZ	82080307612	XVI	45.6453	f	3
03105	ISIS IVETTE ESCALONA LEYVA	83102119051	XIV	41.4481	f	3
0341	MAIYELIN  VERA VALDÉS	99011007555	X	36.2015	f	3
0345	MARUCHA SERRET ROJAS	81100223416	X	36.2015	f	3
0032	TERESA DE LA CARIDAD GARCÍA  BOLAÑOS	64030112417	I	21.511	f	4
03133	JOSE LUIS CATURLA TERRY	65051504181	III	24.659	f	4
03140	LEONARDO PEREZ RAMIREZ	69062916800	X	36.2015	f	4
0367	ARIOLKIS RODRÍGUEZ NUEVO	88090535229	III	23.085	f	4
0375	ERNESTO GUERRA MATA	98111206907	III	24.659	f	4
0395	CARLOS  DIAZ ORDAZ	63122918283	III	24.659	f	4
0404	ALBERTO SANTANDER  POZO	68102901504	X	36.2015	f	4
0117	RAÚL PAVÓN  FUENTES	65073102769	XIV	41.4481	f	5
03141	DANAY GUZMÁN BORGES	91071224652	VI	30.9549	f	5
03149	ALIUSKA LOURDES SANCHEZ HERNANDEZ	86103105174	VI	29.3809	f	5
03150	ALIUSKA LOURDES SANCHEZ HERNANDEZ	86103105175	VI	30.9549	f	5
0333	MARTHA BRENDA DÍAZ DELGADO	90050622896	XVI	45.6453	f	5
0101	DAUNIER HERNÁNDEZ  TRUJILLO	79120206145	X	36.2015	f	6
0262	FRANCISCO JAVIER CASTELLÓN  BARTROLI	66042814748	XVI	45.6453	f	6
03153	EDUARDO  FORTE MARQUEZ	90050928909	X	36.2015	f	6
0331	ALEJANDRO  RAMÍREZ COMESAÑAS	96093008988	X	36.2015	f	6
0041	YAMILA JO  MARRERO	71071214350	V	28.8562	f	7
0046	ROBERTO PADILLA  COLAO	62021500702	III	24.659	f	7
0259	HASLEMER SOTOLONGO  CUZA	74121822567	XVI	45.6453	f	7
0366	REMBERTO GONZÁLEZ MORALES	69073008505	X	45.6453	f	7
0400	ROGER ONDARSE ROJAS	72030707262	X	36.2015	f	7
0077	HERMINIO LAGARZA  ACOSTA	63010531600	III	24.659	f	8
0081	ERNESTO SÁNCHEZ  COLUMBIÉ	91102621066	III	24.659	f	8
0083	ALEJANDRO MONTAÑA  RIVERA	68041802704	V	28.8562	f	8
03122	ROLANDO RODRIGUEZ GONZALEZ	79042502401	III	24.659	f	8
0044	ABEL ERNESTO URGELLES GARRIDO	64042014641	IV	26.7576	f	9
0049	OMAR VEGA  SIERRA	61081602442	III	24.659	f	9
0050	ARNALDO BLANCO  CARDOSO	62061831389	III	24.659	f	9
0055	ROBERTO AGUIRREZABAL  HOPUY	67011332047	III	24.659	f	9
0058	MELVIN PADRÓN  FLEITAS	71071313366	III	24.659	f	9
0063	LIOSBEL VALDÉS  HERRERA	79080302984	IV	26.7576	f	9
0067	JORGE LUIS MARTÍNEZ  GONZÁLEZ	61121029863	III	24.659	f	9
0080	REGINO MARRERO  TAMAYO	88082434142	IV	26.7576	f	9
0169	VLADIMIR  CLARO  NIKOLAIEVA	74120502342	III	24.659	f	9
0180	MANUEL GARCÍA  GUTIERREZ	77012704342	III	26.7576	f	9
0263	ARMANDO ÁLVAREZ  FERNÁNDEZ	77042205726	XVI	45.6453	f	9
0274	JORGE PABLO RODRÍGUEZ  SÁNCHEZ	65090924603	VI	30.9549	f	9
0283	JORJAN OLIVERA  MONTANO	80022600820	XIV	36.2015	f	9
0290	LÁZARO REINIER RODRÍGUEZ RAVELO	91081728103	VI	30.9549	f	9
0294	LUIS ALBERTO PITA BODAÑO	66091013022	IV	26.7576	f	9
03113	MICHEL BARZAGA URQUIZA	95102746105	VI	30.9549	f	9
03119	OSMAR MANUEL VAILLANT QUEZADA	91111948221	VI	30.9549	f	9
03131	OSMEL LEONARDO ZAMORA PEREZ	87010707708	III	24.659	f	9
03142	YANSEL GONZALEZ VARELA	89102223545	IV	24.659	f	9
03143	DANIEL SANTIAGO RAMOS VALLS	64092729644	IV	26.7576	f	9
03147	BENIGNO GONZALEZ ORTIZ	66042411566	IV	26.7576	f	9
03154	ARIEL PEÑA  NAPOLES	89020220382	VI	30.9549	f	9
0354	DIMAS MARCOS IBALBIA PAIROL	65032530424	IV	26.7576	f	9
0358	ALEXEI BERNIS VILTRES	76092624989	IV	26.7576	f	9
0369	EMIGDIO JIMÉNEZ PEÑA	84070620820	XIV	41.4481	f	9
0378	JUAN ALEXANDER  ALBUQUERQUE HERRERA	74103102985	II	30.9549	f	9
0388	NOEL FERNÁNDEZ VARELA	91071528909	VI	30.9549	f	9
0085	FLORENTINO FERNÁNDEZ  MOLINA	61082504443	X	36.2015	f	10
0087	YEAN MARC MORENO  CABRERA	71110614360	X	36.2015	f	10
0151	ISRAEL MORA  BELTRÁN	77020406607	X	36.2015	f	10
0264	RAMÓN OQUENDO  FADRAGA	64092000765	XVI	45.6453	f	10
03134	ALFREDO VAGNER PEÑA SILVA	60052015562	X	36.2015	f	10
0338	JUAN CARLOS YAMACHO SILVA	65081300101	X	38.51	f	10
0038	ANGEL DANIEL PASCUAL  VALDÉS	98011606643	V	28.8562	f	11
0039	HENRY ROLANDO ESTEVEZ  CALDERÓN	96083109986	VI	30.9549	f	11
0086	ALEJANDRO BATISTA  CRUZ	68070316984	XII	38.3001	f	11
03100	DANIEL ALEJANDRO JIMENEZ BETANCOURT	01060566285	III	24.659	f	11
03139	ALDO  OLIVEROS  CRUZ	90031247962	X	36.2015	f	11
03151	IVAN  CRUZ GARCIA	87010910026	III	24.659	f	11
0321	EDDY RODRÍGUEZ CARBALLEDO	01111266627	VI	30.9549	f	11
0373	REINIER ESTRADA VIVES	98103122741	V	28.8562	f	11
0397	JOAQUIN MODESTO PERDOMO PEREZ	95100930889	V	28.8562	f	11
0005	IBRAHIN FERRER  DE LA ROSA	59081110669	II	23.085	f	12
0013	MIGUEL VALLE  ÁLVAREZ	68092903503	II	23.085	f	12
0291	WILLIAN RODRÍGUEZ VELIZ	76112702407	II	23.085	f	12
0349	JUAN DE LEÓN  CARMENATY	50062408808	II	23.085	f	12
0014	REINALDO RAMOS  GÓMEZ	69062900029	VI	30.9549	f	13
0043	JORGE LUIS LÓPEZ  ORTA	69092100201	VI	30.9549	f	13
0090	YANET DEVESA  SÁNCHEZ	87112634897	X	36.2015	f	13
0091	ROBERTO FRANCISCO JARDÓN  PRENDES	70060300806	XII	38.3001	f	13
0213	LEONARDO RODRÍGUEZ  MEDINA	82102206906	VI	30.9549	f	13
0223	ERNESTO MELIAN  RODRÍGUEZ	87080609548	VI	29.3809	f	13
0224	MOISES RICARDO VALDÉS  BELLO	87081010027	VI	29.3809	f	13
0230	ERNESTO ALARCÓN  ESPINOSA	67060931181	X	36.2015	f	13
0232	HUMBERTO PABLO CABEZAS   ALONSO	65061729741	II	23.085	f	13
0235	LUIS DANIEL GONZÁLEZ  VIERA	96101410001	VI	30.9549	f	13
0246	YORGENIS RAMÍREZ  VELÁZQUEZ	74092311300	VI	24.659	f	13
0248	JUAN CARLOS TRELLES  CABRERA	66053004348	VI	30.9549	f	13
0249	LUIS BULNES  CARRILLO	60082001103	VI	30.9549	f	13
0270	RICARDO DANIEL PÉREZ  ALLISON	68071210806	IV	26.7576	f	13
03117	MALKIEL  MOJENA HERNANDEZ	99092006922	VI	28.8562	f	13
03118	RAIDEL RAMOS ARREBATO	91122907042	V	28.8562	f	13
03137	ANTUAN UMPIERRE ALVAREZ	70010303985	VI	30.9549	f	13
03138	ERANDIS  ALVAREZ GARCIA	96100708980	V	28.8562	f	13
03144	LAZARO YORDAN VALDES BRUNET	97040407386	V	28.8562	f	13
03145	YASER RENE LOPEZ BLANCO	06070566486	VI	24.659	f	13
03146	CARLOS WILFREDO AROZARENA CORTES	02101267468	V	28.8562	f	13
03148	ARMANDO LOPEZ GUERRA	98120807485	VI	30.9549	f	13
03152	JEIBEL ALONSO SARDIÑAS	02031967364	VI	30.9549	f	13
0362	JOSE LUIS MÁRQUEZ VICO	94010429903	VI	29.3809	f	13
0364	FRANKLIN ISMAEL PÉREZ ROMEU	97093006985	VI	29.3809	f	13
0389	YOESLAN  VALDES SANCHEZ	88031608447	VI	30.9549	f	13
0396	DANIEL MUÑOZ GONZÁLEZ	86080806688	VI	30.9549	f	13
0398	YASSER BOTELLO VIDAL	93060633862	VI	28.8562	f	13
0405	YURY ROBERTO CONYEDO ALEJO	74050822569	VI	30.9549	f	13
0003	ARMINDA JULIA ARIAS  HERNÁNDEZ	43072708657	II	23.085	f	14
0008	CONSUELO GONZÁLEZ  DÍAZ	65070101316	II	23.085	f	14
0010	LEONEL SILVA  ABAD	66102813664	II	23.085	f	14
0022	YUNIERT CUTIÑO  GRIÑAN	82081709443	II	23.085	f	14
0025	EDUARDO GONZÁLEZ  FERNÁNDEZ	88071806360	II	23.085	f	14
0033	IDARMIS RIVERA  LEÓN	67103030292	I	21.511	f	14
0045	PABLO PÉREZ  TORRES	70102227647	II	26.7576	f	14
0052	ESTEBAN DAVID SÁNCHEZ  NOVO	63122631988	III	24.659	f	14
0057	JULIO ESTEBAN FIGUEREDO  DEL TORO	70102218444	II	23.085	f	14
0059	MIGUEL ANGEL CÁRDENAS  FERNÁNDEZ	72040801628	II	23.085	f	14
0062	DANCÉS LEÓN  HERRERA	77071731568	II	23.085	f	14
0064	YUSNIEL MOJENA  CAMPILLO	82022408624	III	24.659	f	14
0078	YOEL MONDUY  RODRÍGUEZ	78011708481	VI	30.9549	f	14
0096	ELIEZER SENÉN MEDINA  CARBONELL	78081710301	VI	30.9549	f	14
0115	ANA JULIA GONZÁLEZ GÓMEZ	64060502016	VI	30.9549	f	14
0120	VIRGINIA ISABEL SOTO  CASTRO	66090527133	VI	30.9549	f	14
0130	YAMILKA DE LA CARIDAD SOSA  REMÓN	73022234416	VI	30.9549	f	14
0133	VALIA NOGUERA FIGUEROA	75082000671	VI	30.9549	f	14
0135	SANDOR RUBÉN  ROLDÁN	75101926625	VI	30.9549	f	14
0136	ARIANNA GUZMÁN RIVERO	76011103251	VI	30.9549	f	14
0137	KENIA AMINTA DELGADO  RODRÍGUEZ	76022001852	VI	30.9549	f	14
0140	ANAEVI MARTÍNEZ  RAMOS	76091009576	VI	30.9549	f	14
0142	ALAIN GARCÍA  JEREZ	77011307082	VI	30.9549	f	14
0148	MARIA DEL  CARMEN CASTAÑER  AVERHOFF	79122007759	VI	30.9549	f	14
0154	RODOBALDO DÍAZ  ARTEAGA	57020723948	II	23.085	f	14
0156	LUIS ANGEL GARCÍA ALARCÓN	61101312181	II	23.085	f	14
0158	BÁRBARO PABLO GONZÁLEZ  RODRÍGUEZ	64101405101	II	23.085	f	14
0160	ORLANDO LLANES  MESA	67091002169	IV	26.7576	f	14
0162	JESUS BARCELONA  ALAMBARES	71102614788	IV	26.7576	f	14
0163	OSMEL DÍAZ  CRUZ	72061530046	IV	26.7576	f	14
0167	JULIO CÉSAR ESCAÑO  RODRÍGUEZ	74071201582	IV	26.7576	f	14
0173	ALAIN MERCHÁN  OLIVA	75042727021	II	23.085	f	14
0175	JORGE ALBERTO GOENAGA  MARTÍNEZ	75091303206	II	23.085	f	14
0176	DENNIS ORTIZ  HERNÁNDEZ	76010302983	IV	26.7576	f	14
0182	JULIO CESAR BERMUDEZ  LOPEZ	78052910322	IV	26.7576	f	14
0183	YANOSKY ESCAÑO  RODRÍGUEZ	78111703042	II	23.085	f	14
0189	RAYWER SIERRA  RODRÍGUEZ	83051405903	II	23.085	f	14
0196	JONAH LÓPEZ  DÍAZ	89103003841	II	23.085	f	14
0261	YADIRA FERRARI  SUÁREZ	71123000994	XV	43.5467	f	14
0275	MAIKEL CÓRDOVA  GÓNGORA	83102420907	XIV	30.9549	f	14
0285	OSMEL IGNACIO FERNÁNDEZ  CAMPILLO	83112329161	VI	26.7576	f	14
03124	LIVIO AVELINO LIMONTA JIMENEZ	64101933586	II	23.085	f	14
03126	YAN LUIS MARTINEZ GONZALEZ	01061766707	II	28.8562	f	14
0392	MAXIMO MENDEZ MOLINA	71070826900	II	23.085	f	14
0172	LUIS MANUEL PUENTES  CID	75041800428	IV	26.7576	f	15
0297	FRANCISCO PALACIOS CABRERA	70022129062	IV	26.7576	f	15
0298	PEDRO BEC LÓPEZ	58070607565	XIV	41.4481	f	15
0302	ADOLFO DAMIÁN MORENO GONZÁLEZ	87102002268	VI	30.9549	f	15
0034	YOASMIN CALDERON  PÉREZ	76111901935	I	21.511	f	16
0053	AVELARDO IZQUIERDO  REYES	65050910745	IV	23.085	f	16
0066	MANUEL RAÚL GÓMEZ  FERRO	87031710740	VI	30.9549	f	16
0113	PEDRO EMILIO CARNOT  PEREIRA	60052814445	VI	30.9549	f	16
0141	YUDITH REMIS  RODRÍGUEZ	76102902291	VI	30.9549	f	16
0159	ALEXIS SUÁREZ  CAPOTE	65032131369	IV	26.7576	f	16
0177	ENID CRESPO  TORRES	76070809961	IV	26.7576	f	16
0199	OSVALDO MORENO  HERNÁNDEZ	66121126709	XV	43.5467	f	16
0293	DARIEL ORTIZ VALDEZ	91030729164	II	23.085	f	16
0314	JULIO GERMÁN MORA NEGRÍN	61102311421	II	23.085	f	16
0351	ISEL ENAMORADO ODUARDO	72120822621	IV	26.7576	f	16
0353	ALFREDO LOPEZ ALEMAN	91071629640	IV	26.7576	f	16
0009	DIOSDADO VIZCAINO  RODRÍGUEZ	65110800422	II	23.085	f	17
0134	MARIANELA MANCHA TARAJANO	75082505833	VI	30.9549	f	17
0143	MAILYN LORENZO  RODRÍGUEZ	77021209074	VI	30.9549	f	17
0145	YUDIETH PALENZUELA  YANES	77071308519	VI	30.9549	f	17
0146	SHEYLA NORES  GONZÁLEZ	77102408513	VI	30.9549	f	17
0170	JAVIEL PITA  CABALLERO	74122105065	IV	26.7576	f	17
0188	MICHAEL DE ARMAS  RODRÍGUEZ	81082809140	IV	26.7576	f	17
0193	ARTURO DÁVALOS  MOROS	85102309248	IV	26.7576	f	17
0195	JOAQUÍN FERNÁNDEZ  RONDÓN	89090512026	VI	30.9549	f	17
0197	LUIS ANTONIO NARANJO  QUINTANA	66020214249	XV	43.5467	f	17
03114	YOAN  HERNÁNDEZ  MENDEZ	81121608207	II	23.085	f	17
0071	FÉLIX MEDINA  SUÁREZ	67072816143	IV	26.7576	f	18
0121	ANA MARIA HERNÁNDEZ  GONZÁLEZ	67012521893	XV	43.5467	f	18
0209	EDEL JIMÉNEZ  ALBA	69101122122	VI	30.9549	f	18
0253	ALBERTO PÉREZ  FLORES	64010720143	II	23.085	f	18
0255	CARLOS ENRIQUE VELASCO  BLANCO	86081612529	VI	30.9549	f	18
0299	PABLO GARCÍA MARTÍNEZ	90071532404	IV	26.7576	f	18
0304	EVIS ACUÑA BRAVO	67030304540	VI	30.9549	f	18
03111	FAUSTINO RODRIGUEZ RODRIGUEZ	62031621487	II	23.085	f	18
03121	RAUL  RODRIGUEZ SANCHEZ	72010305503	IV	26.7576	f	18
0350	FRANK NIEBLA BERMUDEZ	70060305903	VI	30.9549	f	18
0377	VLADIMIR  MANSO GONZÁLEZ	74021806780	VI	30.9549	f	18
0383	YOSVANY ECHEVARRÍA TURIÑO	77060911684	II	23.085	f	18
0393	LUIS MIGUEL MOYA PEREZ	91042235325	IV	26.7576	f	18
0006	ALFONSO COLINA  HURTADO	60110319785	II	23.085	f	19
0125	LUIS ORLANDO MARTIN  MAYONADA	70051702588	XV	43.5467	f	19
0128	MIRTA CABRERA GINORIA	71040502217	VI	30.9549	f	19
0165	ROLANDO GÓMEZ  SERRANO	73112204169	IV	26.7576	f	19
03108	LUIS ANGEL YERA PEREZ	02011872060	VI	30.9549	f	19
03128	ADEL  FERNANDEZ GONZALEZ	74040127747	II	23.085	f	19
0384	JESUS RAFAEL  DELGADO GESSA	70021206560	IV	26.7576	f	19
0075	JUAN CARLOS ABDALA  GARCÍA	81122102026	IV	26.7576	f	20
0202	ABUNDIO MOYA  PÉREZ	73090803027	VI	30.9549	f	20
0208	MARTINIANO HERNÁNDEZ  BARCELÓ	68100305647	VI	30.9549	f	20
03110	ALYS GARCÍA  HERNÁNDEZ	78090919514	XV	43.5467	f	20
03115	GEORLANDY  VENEGA SANTOS	75102109967	IV	26.7576	f	20
0401	JOSE CARLOS  SANCHEZ  CID 	92080838904	VI	30.9549	f	20
0194	ADRIÁN RODRÍGUEZ BARRERAS	86030318025	IV	26.7576	f	21
0201	ERIBERTO RAÚL VALDÉS  FONTELA	72092607622	XV	45.8552	f	21
0277	PATRICIO HERNÁNDEZ  FÁBREGAS	60042007981	VI	30.9549	f	21
0280	ALEXIS ELIA CASTILLO  JIMÉNEZ	66100605447	VI	30.9549	f	21
03116	DUANY RICHARD VIGO MARRERO	84120218064	IV	26.7576	f	21
0385	HECTOR EUTIQUIO MOYARES  RAMOS	65120808422	V	28.8562	f	21
0114	FERNANDO RODRÍGUEZ  CRUZ	61022414468	VI	30.9549	f	22
0116	LIDISMIR DOROTEA VEGA  ARENA	65022214076	VI	30.9549	f	22
0126	LUIS ROBERTO ALMAGUER  SOLIS	70092908981	XV	43.5467	f	22
0129	NESTOR ERITH HERNÁNDEZ  MENA	71122510580	VI	30.9549	f	22
0161	RAMÓN SALINA  RICARDO	70100309809	IV	26.7576	f	22
0212	YOSVANY PRIETO  MERIÑO	80072419106	VI	30.9549	f	22
0276	JORGE LUIS SAAVEDRA  GARCÍA	85052422029	VI	30.9549	f	22
0307	ANNIER  CHAVEZ  LECTO	93011820501	IV	26.7576	f	22
03104	ROBERQUI HECHAVARRIA ALBA	79121822300	VI	30.9549	f	22
03155	SERGIO YANSEL SARMIENTO CRUZ	83040318907	VI	30.9549	f	22
0335	CARLOS COBIRLLA AGUILERA	90111741222	II	23.085	f	22
0376	OSMANIS FERNANDEZ ANZARDO	72012608486	II	23.085	f	22
0381	ALEXIS RODRÍGUEZ CARRALERO	69032323108	IV	26.7576	f	22
0001	ALFREDO IGARZA  BARRIEL	68100113668	II	23.085	f	23
0018	JOSE ALAIN MASSO  ALMENARES	74010610566	IV	23.085	f	23
0021	ILIAT REVILLA  BARRIENTOS	81052023586	II	23.085	f	23
0023	DIUNEIKY GIRÓN  NOA	85071026793	II	23.085	f	23
0072	ALEXANDER MARTÍNEZ  VIDAL	74100311048	IV	26.7576	f	23
0119	ALFREDO RODRÍGUEZ  LEÓN	66010807008	VI	30.9549	f	23
0131	GRISEL ORTEGA  ALVAREZ	73092710173	VI	30.9549	f	23
0149	LEYANNE MEDINA  SANABIA	80121023416	VI	30.9549	f	23
0200	YOELKIS VIAMONTE  MENDOZA	68092207224	XV	43.5467	f	23
0211	ARNULFO EDGAR LUNA  MENDOZA	75020713705	VI	30.9549	f	23
0015	ROBERTO SUÁREZ  ANTÚNEZ	71061529583	II	23.085	f	24
0252	FRANCISCO JIMÉNEZ  FÚ	50061609841	II	23.085	f	24
03120	ROLANDO  GONZALEZ PADRO	68040704042	II	23.085	f	24
03127	HECTOR DANIEL MENDOZA VAZQUEZ	84020107709	II	23.085	f	24
03129	ANDY  FERNANDEZ RAMON	97080908102	II	23.085	f	24
0361	EDUARDO LEYVA SIANKA	65101303162	II	23.085	f	24
0387	GERARDO  FERNÁNDEZ BORROTO	63081402387	II	23.085	f	24
0402	DAYLON  QUESADA  HECHAVARRÍA 	92110530422	II	36.2015	f	24
\.


--
-- Data for Name: evaluacion; Type: TABLE DATA; Schema: public; Owner: postgres
--

COPY public.evaluacion (evaluacion_empleado_id, evaluacion_tipoevaluacion_id, evaluacion_perio_id) FROM stdin;
\.


--
-- Data for Name: opago; Type: TABLE DATA; Schema: public; Owner: postgres
--

COPY public.opago (id, tpago_id, monto, opago_periodo_id, opago_empleado_id) FROM stdin;
\.


--
-- Data for Name: pago_salario; Type: TABLE DATA; Schema: public; Owner: postgres
--

COPY public.pago_salario (id, sal_devengado, destajo, horast, psalario_empleado_id, psalario_periodo_id) FROM stdin;
15210	6925.50	0.00	184.0000	0030	73
15449	6697.27	0.00	185.0000	0030	74
15689	4416.58	0.00	122.0000	0030	75
15241	9280.17	0.00	185.0000	0082	73
15480	7113.85	0.00	149.0000	0082	74
15719	8402.94	0.00	176.0000	0082	75
15330	0.00	0.00	0.0000	0256	73
15355	6925.50	0.00	184.0000	0309	73
15590	6371.46	0.00	176.0000	0309	74
15829	6661.07	0.00	184.0000	0309	75
15403	4810.08	0.00	175.0000	0363	73
15644	4736.10	0.00	177.0000	0363	74
15887	3960.13	0.00	148.0000	0363	75
15405	3746.06	0.00	69.0000	0365	73
15645	8444.39	0.00	185.0000	0365	74
15888	8398.74	0.00	184.0000	0365	75
15209	6875.13	0.00	140.0000	0029	73
15448	6025.18	0.00	132.0000	0029	74
15688	8398.74	0.00	184.0000	0029	75
15246	6925.50	0.00	184.0000	0089	73
15485	6697.27	0.00	185.0000	0089	74
15724	6661.07	0.00	184.0000	0089	75
15249	6925.50	0.00	184.0000	0093	73
15488	5394.02	0.00	149.0000	0093	74
15727	4452.78	0.00	123.0000	0093	75
15326	6169.99	0.00	194.0000	0250	73
15562	5726.65	0.00	185.0000	0250	74
15801	5695.70	0.00	184.0000	0250	75
15427	5713.54	0.00	149.0000	0399	73
15667	5104.41	0.00	141.0000	0399	74
15909	7626.44	0.00	184.0000	0399	75
15252	6960.13	0.00	185.0000	0105	73
15491	6697.27	0.00	185.0000	0105	74
15730	4090.77	0.00	113.0000	0105	75
15253	0.00	0.00	0.0000	0107	73
15331	8858.34	0.00	185.0000	0258	73
15566	8444.39	0.00	185.0000	0258	74
15805	8398.74	0.00	184.0000	0258	75
15358	8014.70	0.00	185.0000	03105	73
15593	6963.27	0.00	168.0000	03105	74
15832	7626.44	0.00	184.0000	03105	75
15393	4813.22	0.00	123.0000	0341	73
15635	6697.27	0.00	185.0000	0341	74
15878	6661.07	0.00	184.0000	0341	75
15394	5436.52	0.00	141.0000	0345	73
15636	6697.27	0.00	185.0000	0345	74
15879	6661.07	0.00	184.0000	0345	75
15211	3777.54	0.00	184.0000	0032	73
15450	3979.54	0.00	185.0000	0032	74
15690	3958.03	0.00	184.0000	0032	75
15378	4617.00	0.00	184.0000	03133	73
15613	4561.91	0.00	185.0000	03133	74
15852	4537.25	0.00	184.0000	03133	75
15384	6925.50	0.00	184.0000	03140	73
15619	6697.27	0.00	185.0000	03140	74
15858	6661.07	0.00	184.0000	03140	75
15407	1777.54	0.00	61.0000	0367	73
15647	0.00	0.00	0.0000	0367	74
15410	4617.00	0.00	184.0000	0375	73
15650	1948.06	0.00	79.0000	0375	74
15892	4537.25	0.00	184.0000	0375	75
15423	4617.00	0.00	184.0000	0395	73
15663	4561.91	0.00	185.0000	0395	74
15905	4537.25	0.00	184.0000	0395	75
15431	6925.50	0.00	184.0000	0404	73
15671	6697.27	0.00	185.0000	0404	74
15913	941.24	0.00	26.0000	0404	75
15258	7974.82	0.00	184.0000	0117	73
15496	5844.18	0.00	141.0000	0117	74
15735	7626.44	0.00	184.0000	0117	75
15385	5905.56	0.00	185.0000	03141	73
15620	5726.65	0.00	185.0000	03141	74
15859	5695.70	0.00	184.0000	03141	75
15628	0.00	0.00	0.0000	03149	74
15629	2476.39	0.00	80.0000	03150	74
15867	5177.20	0.00	167.2500	03150	75
15390	8858.34	0.00	185.0000	0333	73
15632	7668.42	0.00	168.0000	0333	74
15875	8398.74	0.00	184.0000	0333	75
15251	7271.77	0.00	194.0000	0101	73
15490	6697.27	0.00	185.0000	0101	74
15729	5068.21	0.00	140.0000	0101	75
15334	8858.34	0.00	185.0000	0262	73
15569	8444.39	0.00	185.0000	0262	74
15808	6390.35	0.00	140.0000	0262	75
15870	1592.86	0.00	44.0000	03153	75
15389	6925.50	0.00	184.0000	0331	73
15631	6697.27	0.00	185.0000	0331	74
15874	6661.07	0.00	184.0000	0331	75
15216	5456.46	0.00	184.0000	0041	73
15455	5338.41	0.00	185.0000	0041	74
15695	4039.87	0.00	140.0000	0041	75
15220	5367.22	0.00	190.6000	0046	73
15459	1604.63	0.00	65.0000	0046	74
15699	5242.30	0.00	190.6000	0046	75
15332	6214.06	0.00	141.0000	0259	73
15567	8444.39	0.00	185.0000	0259	74
15806	8398.74	0.00	184.0000	0259	75
15406	8858.34	0.00	185.0000	0366	73
15646	8444.39	0.00	185.0000	0366	74
15889	6390.35	0.00	140.0000	0366	75
15428	6925.50	0.00	184.0000	0400	73
15668	6697.27	0.00	185.0000	0400	74
15910	6661.07	0.00	184.0000	0400	75
15237	4435.26	0.00	191.2500	0077	73
15476	2841.77	0.00	114.7500	0077	74
15715	4104.92	0.00	165.7500	0077	75
15240	4224.55	0.00	167.0000	0081	73
15479	4561.91	0.00	185.0000	0081	74
15718	4305.69	0.00	174.5000	0081	75
15242	5456.46	0.00	184.0000	0083	73
15481	5286.09	0.00	183.0000	0083	74
15720	4039.87	0.00	140.0000	0083	75
15371	5319.61	0.00	204.0000	03122	73
15606	4420.53	0.00	178.5000	03122	74
15845	4874.02	0.00	197.0000	03122	75
15218	4912.91	0.00	178.7500	0044	73
15457	5127.59	0.00	191.2500	0044	74
15697	5429.22	0.00	190.6000	0044	75
15221	3682.01	0.00	157.7500	0049	73
15460	5315.89	0.00	190.6000	0049	74
15700	5027.65	0.00	190.6000	0049	75
15222	5694.59	0.00	190.6000	0050	73
15461	5125.53	0.00	190.6000	0050	74
15701	2460.67	0.00	98.7500	0050	75
15225	5520.87	0.00	190.6000	0055	73
15464	5153.19	0.00	190.6000	0055	74
15704	5608.02	0.00	190.6000	0055	75
15227	2292.21	0.00	77.2500	0058	73
15466	0.00	0.00	0.0000	0058	74
15230	4832.12	0.00	191.2500	0063	73
15469	5133.14	0.00	191.2500	0063	74
15708	2395.47	0.00	89.2500	0063	75
15233	5393.77	0.00	190.6000	0067	73
15472	5766.80	0.00	190.6000	0067	74
15711	5142.81	0.00	190.6000	0067	75
15239	5387.32	0.00	190.6000	0080	73
15478	5027.04	0.00	187.7500	0080	74
15717	3564.46	0.00	133.0000	0080	75
15292	5569.26	0.00	190.6000	0169	73
15530	5535.18	0.00	190.6000	0169	74
15769	2780.13	0.00	112.5000	0169	75
15299	5036.73	0.00	184.0000	0180	73
15537	4950.16	0.00	185.0000	0180	74
15776	4923.40	0.00	184.0000	0180	75
15335	8858.34	0.00	185.0000	0263	73
15570	8444.39	0.00	185.0000	0263	74
15809	3971.14	0.00	87.0000	0263	75
15338	5495.34	0.00	176.0000	0274	73
15573	5780.45	0.00	184.0000	0274	74
15812	5537.31	0.00	176.0000	0274	75
15343	5436.52	0.00	141.0000	0283	73
15578	6697.27	0.00	185.0000	0283	74
15817	6661.07	0.00	184.0000	0283	75
15345	2629.60	0.00	89.2500	0290	73
15580	5935.87	0.00	191.2500	0290	74
15819	5920.12	0.00	191.2500	0290	75
15348	3957.13	0.00	135.5000	0294	73
15583	5471.84	0.00	190.6000	0294	74
15822	3677.83	0.00	137.2500	0294	75
15362	6204.02	0.00	192.0000	03113	73
15597	5281.62	0.00	168.0000	03113	74
15836	6036.14	0.00	192.0000	03113	75
15368	5490.84	0.00	184.0000	03119	73
15603	5537.31	0.00	176.0000	03119	74
15842	5780.45	0.00	184.0000	03119	75
15377	5501.06	0.00	190.6000	03131	73
15612	5092.02	0.00	190.6000	03131	74
15851	3630.37	0.00	146.2500	03131	75
15386	4997.82	0.00	190.6000	03142	73
15621	4778.23	0.00	190.6000	03142	74
15860	4767.83	0.00	190.6000	03142	75
15387	3147.92	0.00	123.7500	03143	73
15622	5134.02	0.00	190.5000	03143	74
15861	6070.09	0.00	190.6000	03143	75
15626	4448.72	0.00	165.7500	03147	74
15865	5868.05	0.00	190.6000	03147	75
15871	1582.90	0.00	51.0000	03154	75
15399	964.68	0.00	37.7500	0354	73
15641	5008.21	0.00	185.0000	0354	74
15884	6365.28	0.00	190.6000	0354	75
15400	6028.89	0.00	190.6000	0358	73
15642	4789.03	0.00	178.5000	0358	74
15885	5189.69	0.00	190.6000	0358	75
15408	9167.90	0.00	204.0000	0369	73
15648	3647.43	0.00	88.0000	0369	74
15890	7626.44	0.00	184.0000	0369	75
15413	4318.99	0.00	131.0000	0378	73
15653	4364.64	0.00	141.0000	0378	74
15895	5695.70	0.00	184.0000	0378	75
15419	6365.47	0.00	192.0000	0388	73
15659	5281.62	0.00	168.0000	0388	74
15901	4527.10	0.00	144.0000	0388	75
15243	2043.02	0.00	43.0000	0085	73
15482	0.00	0.00	0.0000	0085	74
15721	0.00	0.00	0.0000	0085	75
15245	6925.50	0.00	184.0000	0087	73
15484	6697.27	0.00	185.0000	0087	74
15723	6661.07	0.00	184.0000	0087	75
15281	6925.50	0.00	184.0000	0151	73
15519	6697.27	0.00	185.0000	0151	74
15758	6661.07	0.00	184.0000	0151	75
15336	8858.34	0.00	185.0000	0264	73
15571	8444.39	0.00	185.0000	0264	74
15810	8398.74	0.00	184.0000	0264	75
15379	6925.50	0.00	184.0000	03134	73
15614	6697.27	0.00	185.0000	03134	74
15853	6661.07	0.00	184.0000	03134	75
15392	2511.65	0.00	52.0000	0338	73
15634	0.00	0.00	0.0000	0338	74
15877	0.00	0.00	0.0000	0338	75
15214	7141.09	1903.11	191.2500	0038	73
15453	5414.42	-124.59	191.2500	0038	74
15693	8219.77	2680.76	191.2500	0038	75
15215	6184.08	170.12	191.2500	0039	73
15454	4284.56	-1259.79	178.5000	0039	74
15694	3505.62	1129.47	76.5000	0039	75
15244	10084.56	4649.09	132.0000	0086	73
15483	13894.70	6809.18	185.0000	0086	74
15722	13798.46	6751.24	184.0000	0086	75
15356	4139.57	0.00	178.5000	03100	73
15591	2526.02	0.00	102.0000	03100	74
15830	4736.28	0.00	191.2500	03100	75
15382	5025.27	0.00	204.0000	03139	73
15617	4420.53	0.00	178.5000	03139	74
15856	9393.40	2555.92	188.5000	03139	75
15868	2210.26	0.00	89.2500	03151	75
15388	8027.24	2387.89	191.2500	0321	73
15630	4701.48	-1238.89	191.2500	0321	74
15873	9350.70	6578.53	89.2500	0321	75
15409	5916.09	2076.25	127.5000	0373	73
15649	3583.00	-1217.47	165.7500	0373	74
15891	9463.42	3555.15	204.0000	0373	75
15425	6230.21	644.38	191.2500	0397	73
15665	2059.50	-156.10	76.5000	0397	74
15907	12836.43	6928.16	204.0000	0397	75
15196	4625.85	0.00	192.0000	0005	73
15435	3959.48	0.00	168.0000	0005	74
15675	4525.12	0.00	192.0000	0005	75
15201	3404.22	0.00	159.7500	0013	73
15440	3959.48	0.00	168.0000	0013	74
15680	4332.39	0.00	184.0000	0013	75
15346	1889.65	0.00	80.0000	0291	73
15581	4332.39	0.00	184.0000	0291	74
15820	3020.93	0.00	128.0000	0291	75
15395	4011.12	0.00	185.2500	0349	73
15637	4274.67	0.00	178.5000	0349	74
15880	4580.01	0.00	191.2500	0349	75
15202	9359.36	5423.86	87.0000	0014	73
15441	2890.00	165.97	88.0000	0014	74
15681	13740.00	8044.30	184.0000	0014	75
15217	6655.52	2633.86	87.0000	0043	73
15456	19990.00	14263.35	185.0000	0043	74
15696	19590.00	13894.30	184.0000	0043	75
15247	5905.56	0.00	185.0000	0090	73
15486	6697.27	0.00	185.0000	0090	74
15725	6661.07	0.00	184.0000	0090	75
15248	13920.91	6480.78	184.0000	0091	73
15487	13893.59	6808.07	185.0000	0091	74
15726	13797.27	6750.05	184.0000	0091	75
15317	13652.45	8398.96	153.0000	0213	73
15555	4429.74	-718.58	165.7500	0213	74
15794	5366.82	1406.57	127.5000	0213	75
15318	6820.74	3061.17	127.5000	0223	73
15319	0.00	0.00	0.0000	0224	73
15320	8227.90	1249.46	185.0000	0230	73
15556	3389.56	203.83	88.0000	0230	74
15795	10080.05	3418.98	184.0000	0230	75
15321	6925.50	0.00	184.0000	0232	73
15557	2187.81	156.33	88.0000	0232	74
15796	6506.21	2258.57	184.0000	0232	75
15322	13998.79	7234.28	204.0000	0235	73
15558	9019.48	5059.23	127.5000	0235	74
15797	11803.10	5469.40	204.0000	0235	75
15323	4617.00	0.00	184.0000	0246	73
15559	4561.91	0.00	185.0000	0246	74
15798	4537.25	0.00	184.0000	0246	75
15324	11267.29	4241.91	184.0000	0248	73
15560	10992.00	5265.35	185.0000	0248	74
15799	3888.00	1194.93	87.0000	0248	75
15325	4968.00	560.86	150.0000	0249	73
15561	10632.00	4905.35	185.0000	0249	74
15800	9480.00	3784.30	184.0000	0249	75
15337	6315.59	1249.88	184.0000	0270	73
15572	5506.28	556.12	185.0000	0270	74
15811	4825.87	1775.50	114.0000	0270	75
15366	7072.05	1587.34	184.0000	03117	73
15601	5007.44	-330.97	185.0000	03117	74
15840	11215.73	5906.18	184.0000	03117	75
15367	4019.60	-1475.34	184.0000	03118	73
15602	3578.18	-490.55	141.0000	03118	74
15841	7008.45	1698.90	184.0000	03118	75
15380	7957.91	1553.91	184.0000	03137	73
15615	12120.00	6393.35	185.0000	03137	74
15854	13680.00	7984.30	184.0000	03137	75
15381	7159.46	1812.24	184.0000	03138	73
15616	5267.82	-70.59	185.0000	03138	74
15855	7837.45	2527.90	184.0000	03138	75
15623	3785.94	-1292.76	176.0000	03144	74
15862	6782.83	1457.53	184.0000	03144	75
15624	4142.71	0.00	168.0000	03145	74
15863	4537.25	0.00	184.0000	03145	75
15625	2562.57	-755.90	115.0000	03146	74
15864	4818.85	-490.70	184.0000	03146	75
15627	3936.00	97.59	124.0000	03148	74
15866	8112.00	2416.30	184.0000	03148	75
15869	3850.00	1683.16	70.0000	03152	75
15402	0.00	0.00	0.0000	0362	73
15404	3922.89	1667.15	76.5000	0364	73
15420	11561.13	4793.91	184.0000	0389	73
15660	18630.00	12903.35	185.0000	0389	74
15902	13900.00	8204.30	184.0000	0389	75
15424	2338.61	-1007.34	96.0000	0396	73
15664	15135.69	9409.04	185.0000	0396	74
15906	20382.17	14686.47	184.0000	0396	75
15426	7131.83	1636.25	184.0000	0398	73
15666	9559.48	4106.58	188.5000	0398	74
15908	7316.66	2082.88	181.0000	0398	75
15432	6366.07	0.00	184.0000	0405	73
15672	6561.91	835.26	185.0000	0405	74
15914	11481.91	5786.21	184.0000	0405	75
15195	3221.41	0.00	127.5000	0003	73
15434	4135.37	0.00	178.5000	0003	74
15674	4726.14	0.00	204.0000	0003	75
15198	2954.89	0.00	140.2500	0008	73
15437	4430.76	0.00	191.2500	0008	74
15677	4430.76	0.00	191.2500	0008	75
15200	3973.01	0.00	165.7500	0010	73
15439	4274.67	0.00	178.5000	0010	74
15679	4885.34	0.00	204.0000	0010	75
15206	4029.39	0.00	191.2500	0022	73
15445	4430.76	0.00	191.2500	0022	74
15685	4430.76	0.00	191.2500	0022	75
15208	3986.96	0.00	182.5000	0025	73
15447	4580.01	0.00	191.2500	0025	74
15687	4580.01	0.00	191.2500	0025	75
15212	3777.54	0.00	184.0000	0033	73
15451	3979.54	0.00	185.0000	0033	74
15691	3958.03	0.00	184.0000	0033	75
15219	5842.60	0.00	190.6000	0045	73
15458	5197.67	0.00	190.6000	0045	74
15698	3311.25	0.00	123.7500	0045	75
15223	5238.37	0.00	190.6000	0052	73
15462	5592.52	0.00	190.6000	0052	74
15702	4168.99	0.00	167.7500	0052	75
15226	2686.26	0.00	127.5000	0057	73
15465	4135.37	0.00	178.5000	0057	74
15705	4726.14	0.00	204.0000	0057	75
15228	4029.39	0.00	191.2500	0059	73
15467	4135.37	0.00	178.5000	0059	74
15706	3839.99	0.00	165.7500	0059	75
15229	4029.39	0.00	191.2500	0062	73
15468	4430.76	0.00	191.2500	0062	74
15707	4430.76	0.00	191.2500	0062	75
15231	6186.91	0.00	190.6000	0064	73
15470	5308.09	0.00	190.6000	0064	74
15709	5963.25	0.00	190.6000	0064	75
15238	4506.83	0.00	140.2500	0078	73
15477	5935.87	0.00	191.2500	0078	74
15716	6331.60	0.00	204.0000	0078	75
15250	6661.83	0.00	204.0000	0096	73
15489	5679.45	0.00	178.5000	0096	74
15728	4868.10	0.00	153.0000	0096	75
15256	5634.85	0.00	191.2500	0115	73
15494	5540.15	0.00	178.5000	0115	74
15733	4352.97	0.00	140.2500	0115	75
15260	5634.85	0.00	191.2500	0120	73
15498	5935.87	0.00	191.2500	0120	74
15737	4748.70	0.00	153.0000	0120	75
15266	5634.85	0.00	191.2500	0130	73
15504	5935.87	0.00	191.2500	0130	74
15743	5935.87	0.00	191.2500	0130	75
15268	6759.71	0.00	204.0000	0133	73
15506	3957.25	0.00	127.5000	0133	74
15745	3957.40	0.00	127.5000	0133	75
15270	5634.85	0.00	191.2500	0135	73
15508	3561.52	0.00	114.7500	0135	74
15747	5935.87	0.00	191.2500	0135	75
15271	6759.71	0.00	204.0000	0136	73
15509	3165.80	0.00	102.0000	0136	74
15748	6331.60	0.00	204.0000	0136	75
15272	3380.91	0.00	114.7500	0137	73
15510	5935.87	0.00	191.2500	0137	74
15749	5935.87	0.00	191.2500	0137	75
15273	5257.09	0.00	153.0000	0140	73
15511	5540.15	0.00	178.5000	0140	74
15750	6331.60	0.00	204.0000	0140	75
15275	5257.09	0.00	153.0000	0142	73
15513	5540.15	0.00	178.5000	0142	74
15752	6331.60	0.00	204.0000	0142	75
15279	4507.88	0.00	153.0000	0148	73
15517	5540.15	0.00	178.5000	0148	74
15756	6331.60	0.00	204.0000	0148	75
15282	4833.17	0.00	204.0000	0154	73
15520	4135.37	0.00	178.5000	0154	74
15759	3544.60	0.00	153.0000	0154	75
15283	4029.39	0.00	191.2500	0156	73
15521	4430.76	0.00	191.2500	0156	74
15760	2657.85	0.00	114.7500	0156	75
15284	4833.17	0.00	204.0000	0158	73
15522	2363.07	0.00	102.0000	0158	74
15761	4726.14	0.00	204.0000	0158	75
15286	1288.57	0.00	51.0000	0160	73
15524	4790.93	0.00	178.5000	0160	74
15763	5475.35	0.00	204.0000	0160	75
15288	3864.64	0.00	140.2500	0162	73
15526	5133.14	0.00	191.2500	0162	74
15765	5133.14	0.00	191.2500	0162	75
15289	2899.27	0.00	114.7500	0163	73
15527	5133.14	0.00	191.2500	0163	74
15766	5133.14	0.00	191.2500	0163	75
15291	4832.12	0.00	191.2500	0167	73
15529	5133.14	0.00	191.2500	0167	74
15768	3764.30	0.00	140.2500	0167	75
15295	4029.39	0.00	191.2500	0173	73
15533	3249.22	0.00	140.2500	0173	74
15772	2658.45	0.00	114.7500	0173	75
15296	4808.74	0.00	204.0000	0175	73
15534	2442.67	0.00	102.0000	0175	74
15773	4885.34	0.00	204.0000	0175	75
15297	5796.44	0.00	204.0000	0176	73
15535	2737.68	0.00	102.0000	0176	74
15774	5475.35	0.00	204.0000	0176	75
15300	2577.13	0.00	102.0000	0182	73
15538	4790.93	0.00	178.5000	0182	74
15777	5475.35	0.00	204.0000	0182	75
15301	4833.17	0.00	204.0000	0183	73
15539	2953.84	0.00	127.5000	0183	74
15778	4135.37	0.00	178.5000	0183	75
15303	4362.27	0.00	191.2500	0189	73
15541	2843.29	0.00	118.7500	0189	74
15780	4580.01	0.00	191.2500	0189	75
15307	4833.17	0.00	204.0000	0196	73
15545	4135.37	0.00	178.5000	0196	74
15784	2953.84	0.00	127.5000	0196	75
15333	8436.51	0.00	185.0000	0261	73
15568	8056.14	0.00	185.0000	0261	74
15807	8012.59	0.00	184.0000	0261	75
15339	6041.18	0.00	191.2500	0275	73
15574	6085.12	0.00	191.2500	0275	74
15813	6085.12	0.00	191.2500	0275	75
15344	4507.88	0.00	153.0000	0285	73
15579	4106.51	0.00	153.0000	0285	74
15818	5475.35	0.00	204.0000	0285	75
15372	4808.74	0.00	204.0000	03124	73
15607	4264.17	0.00	178.5000	03124	74
15846	3664.00	0.00	153.0000	03124	75
15373	4708.02	-529.96	191.2500	03126	73
15608	4825.91	-713.10	191.2500	03126	74
15847	7888.36	2349.35	191.2500	03126	75
15421	4029.39	0.00	191.2500	0392	73
15661	4179.38	0.00	174.5000	0392	74
15903	4885.34	0.00	204.0000	0392	75
15294	5475.35	0.00	204.0000	0172	73
15532	5133.14	0.00	191.2500	0172	74
15771	2737.68	0.00	102.0000	0172	75
15349	4497.38	0.00	157.7500	0297	73
15584	4580.33	0.00	171.0000	0297	74
15823	6416.42	0.00	190.6000	0297	75
15350	7974.82	0.00	184.0000	0298	73
15585	3647.43	0.00	88.0000	0298	74
15824	7792.24	0.00	188.0000	0298	75
15352	5634.85	0.00	191.2500	0302	73
15587	5540.15	0.00	178.5000	0302	74
15826	5144.42	0.00	165.7500	0302	75
15213	1945.43	0.00	87.0000	0034	73
15452	3979.54	0.00	185.0000	0034	74
15692	3958.03	0.00	184.0000	0034	75
15224	3708.38	0.00	169.7500	0053	73
15463	4580.01	0.00	191.2500	0053	74
15703	4580.01	0.00	191.2500	0053	75
15232	2629.60	0.00	89.2500	0066	73
15471	5935.87	0.00	191.2500	0066	74
15710	5935.87	0.00	191.2500	0066	75
15254	4132.22	0.00	140.2500	0113	73
15492	5935.87	0.00	191.2500	0113	74
15731	5935.87	0.00	191.2500	0113	75
15274	6759.71	0.00	204.0000	0141	73
15512	2374.35	0.00	76.5000	0141	74
15751	6331.60	0.00	204.0000	0141	75
15285	4832.12	0.00	191.2500	0159	73
15523	5133.14	0.00	191.2500	0159	74
15762	2737.68	0.00	102.0000	0159	75
15298	3219.31	0.00	102.0000	0177	73
15536	4790.93	0.00	178.5000	0177	74
15775	5475.35	0.00	204.0000	0177	75
15309	8436.51	0.00	185.0000	0199	73
15547	8056.14	0.00	185.0000	0199	74
15786	8012.59	0.00	184.0000	0199	75
15347	1768.19	0.00	72.5000	0293	73
15582	4064.63	0.00	169.7500	0293	74
15821	4790.05	0.00	200.0000	0293	75
15383	4743.85	0.00	202.7500	0314	73
15618	4152.21	0.00	176.0000	0314	74
15857	4332.39	0.00	184.0000	0314	75
15397	5796.44	0.00	204.0000	0351	73
15639	2053.26	0.00	76.5000	0351	74
15882	5475.35	0.00	204.0000	0351	75
15398	4832.12	0.00	191.2500	0353	73
15640	5133.14	0.00	191.2500	0353	74
15883	5133.14	0.00	191.2500	0353	75
15199	2969.39	0.00	127.5000	0009	73
15438	4580.01	0.00	191.2500	0009	74
15678	4578.86	0.00	191.2500	0009	75
15269	6759.71	0.00	204.0000	0134	73
15507	5540.15	0.00	178.5000	0134	74
15746	6331.60	0.00	204.0000	0134	75
15276	5634.85	0.00	191.2500	0143	73
15514	5935.87	0.00	191.2500	0143	74
15753	5935.87	0.00	191.2500	0143	75
15277	6759.71	0.00	204.0000	0145	73
15515	5540.15	0.00	178.5000	0145	74
15754	6331.60	0.00	204.0000	0145	75
15278	3005.25	0.00	102.0000	0146	73
15516	5934.82	0.00	191.2500	0146	74
15755	5935.87	0.00	191.2500	0146	75
15293	2577.13	0.00	102.0000	0170	73
15531	5133.14	0.00	191.2500	0170	74
15770	5133.14	0.00	191.2500	0170	75
15302	5796.44	0.00	204.0000	0188	73
15540	4790.93	0.00	178.5000	0188	74
15779	2737.68	0.00	102.0000	0188	75
15304	4832.12	0.00	191.2500	0193	73
15542	5133.14	0.00	191.2500	0193	74
15781	5133.14	0.00	191.2500	0193	75
15306	3005.25	0.00	102.0000	0195	73
15544	5540.15	0.00	178.5000	0195	74
15783	6331.60	0.00	204.0000	0195	75
15308	8436.51	0.00	185.0000	0197	73
15546	3832.11	0.00	88.0000	0197	74
15785	8012.59	0.00	184.0000	0197	75
15363	2228.61	0.00	102.0000	03114	73
15598	4283.87	0.00	178.5000	03114	74
15837	4876.14	0.00	204.0000	03114	75
15234	5153.21	0.00	191.2500	0071	73
15473	4790.93	0.00	178.5000	0071	74
15712	5133.14	0.00	191.2500	0071	75
15261	5456.45	0.00	114.0000	0121	73
15499	8056.14	0.00	185.0000	0121	74
15738	8012.59	0.00	184.0000	0121	75
15314	6009.46	0.00	191.2500	0209	73
15552	5540.15	0.00	178.5000	0209	74
15791	5935.87	0.00	191.2500	0209	75
15328	4474.35	0.00	200.0000	0253	73
15564	4297.36	0.00	182.5000	0253	74
15803	2317.53	0.00	98.0000	0253	75
15329	4506.83	0.00	140.2500	0255	73
15565	5540.15	0.00	178.5000	0255	74
15804	5935.87	0.00	191.2500	0255	75
15351	5153.21	0.00	191.2500	0299	73
15586	4790.93	0.00	178.5000	0299	74
15825	5133.14	0.00	191.2500	0299	75
15353	6346.27	0.00	200.0000	0304	73
15588	5695.70	0.00	184.0000	0304	74
15827	5695.70	0.00	184.0000	0304	75
15361	4733.94	0.00	204.0000	03111	73
15596	4205.02	0.00	178.5000	03111	74
15835	4805.74	0.00	204.0000	03111	75
15370	5475.35	0.00	204.0000	03121	73
15605	4790.93	0.00	178.5000	03121	74
15844	5475.35	0.00	204.0000	03121	75
15396	6385.11	0.00	204.0000	0350	73
15638	5540.15	0.00	178.5000	0350	74
15881	3957.25	0.00	127.5000	0350	75
15412	6385.11	0.00	204.0000	0377	73
15652	5540.15	0.00	178.5000	0377	74
15894	4352.97	0.00	140.2500	0377	75
15415	4533.05	0.00	200.0000	0383	73
15655	4247.64	0.00	184.0000	0383	74
15897	3047.22	0.00	132.0000	0383	75
15422	3864.64	0.00	140.2500	0393	73
15662	4790.93	0.00	178.5000	0393	74
15904	5475.35	0.00	204.0000	0393	75
15197	4808.74	0.00	204.0000	0006	73
15436	4274.67	0.00	178.5000	0006	74
15676	3053.34	0.00	127.5000	0006	75
15262	8436.51	0.00	185.0000	0125	73
15500	4964.32	0.00	114.0000	0125	74
15739	8012.59	0.00	184.0000	0125	75
15264	4113.32	0.00	124.0000	0128	73
15502	5695.70	0.00	184.0000	0128	74
15741	5819.52	0.00	188.0000	0128	75
15290	5475.35	0.00	204.0000	0165	73
15528	4790.93	0.00	178.5000	0165	74
15767	4790.93	0.00	178.5000	0165	75
15359	6111.22	0.00	192.0000	03108	73
15594	5695.70	0.00	184.0000	03108	74
15833	4086.04	0.00	132.0000	03108	75
15375	4362.27	0.00	191.2500	03128	73
15610	4580.01	0.00	191.2500	03128	74
15849	4580.01	0.00	191.2500	03128	75
15416	3220.36	0.00	114.7500	0384	73
15656	5133.14	0.00	191.2500	0384	74
15898	5133.14	0.00	191.2500	0384	75
15236	5439.67	0.00	200.0000	0075	73
15475	4923.40	0.00	184.0000	0075	74
15714	5030.43	0.00	188.0000	0075	75
15312	3525.70	0.00	104.0000	0202	73
15550	5695.70	0.00	184.0000	0202	74
15789	5819.52	0.00	188.0000	0202	75
15313	6346.27	0.00	200.0000	0208	73
15551	5695.70	0.00	184.0000	0208	74
15790	5819.52	0.00	188.0000	0208	75
15360	8436.51	0.00	185.0000	03110	73
15595	8056.14	0.00	185.0000	03110	74
15834	8012.59	0.00	184.0000	03110	75
15364	5676.40	0.00	200.0000	03115	73
15599	4923.40	0.00	184.0000	03115	74
15838	2461.70	0.00	92.0000	03115	75
15429	6346.27	0.00	200.0000	0401	73
15669	5695.70	0.00	184.0000	0401	74
15911	5819.52	0.00	188.0000	0401	75
15305	5439.67	0.00	200.0000	0194	73
15543	2568.73	0.00	96.0000	0194	74
15782	4816.37	0.00	180.0000	0194	75
15311	8900.52	0.00	185.0000	0201	73
15549	8483.21	0.00	185.0000	0201	74
15788	8437.35	0.00	184.0000	0201	75
15341	6346.27	0.00	200.0000	0277	73
15576	5695.70	0.00	184.0000	0277	74
15815	2971.67	0.00	96.0000	0277	75
15342	6346.27	0.00	200.0000	0280	73
15577	5695.70	0.00	184.0000	0280	74
15816	5819.52	0.00	188.0000	0280	75
15365	6955.66	0.00	190.6000	03116	73
15600	5647.36	0.00	190.6000	03116	74
15839	5184.29	0.00	190.6000	03116	75
15417	5892.97	0.00	200.0000	0385	73
15657	2770.20	0.00	96.0000	0385	74
15899	5194.12	0.00	180.0000	0385	75
15255	0.00	0.00	0.0000	0114	73
15493	0.00	0.00	0.0000	0114	74
15732	0.00	0.00	0.0000	0114	75
15257	6385.11	0.00	204.0000	0116	73
15495	5540.15	0.00	178.5000	0116	74
15734	6331.60	0.00	204.0000	0116	75
15263	8436.51	0.00	185.0000	0126	73
15501	3832.11	0.00	88.0000	0126	74
15740	8012.59	0.00	184.0000	0126	75
15265	4882.49	0.00	153.0000	0129	73
15503	5540.15	0.00	178.5000	0129	74
15742	6331.60	0.00	204.0000	0129	75
15287	6480.29	0.00	190.6000	0161	73
15525	6120.71	0.00	190.6000	0161	74
15764	5955.81	0.00	190.6000	0161	75
15316	6434.41	0.00	203.0000	0212	73
15554	5726.65	0.00	185.0000	0212	74
15793	5695.70	0.00	184.0000	0212	75
15340	6009.46	0.00	191.2500	0276	73
15575	5935.87	0.00	191.2500	0276	74
15814	2770.07	0.00	89.2500	0276	75
15354	5475.35	0.00	204.0000	0307	73
15589	3079.89	0.00	114.7500	0307	74
15828	5475.35	0.00	204.0000	0307	75
15357	6009.46	0.00	191.2500	03104	73
15592	3165.80	0.00	102.0000	03104	74
15831	5935.87	0.00	191.2500	03104	75
15872	2374.35	0.00	76.5000	03155	75
15391	4724.80	0.00	204.0000	0335	73
15633	4484.72	0.00	187.2500	0335	74
15876	2232.63	0.00	93.2500	0335	75
15411	4821.53	0.00	200.0000	0376	73
15651	4369.96	0.00	182.5000	0376	74
15893	2318.52	0.00	96.7500	0376	75
15414	5153.21	0.00	191.2500	0381	73
15654	2053.26	0.00	76.5000	0381	74
15896	5133.14	0.00	191.2500	0381	75
15194	3950.74	0.00	176.0000	0001	73
15433	4525.12	0.00	192.0000	0001	74
15673	4152.21	0.00	176.0000	0001	75
15204	4625.85	0.00	192.0000	0018	73
15443	3959.48	0.00	168.0000	0018	74
15683	4525.12	0.00	192.0000	0018	75
15205	4457.96	0.00	192.0000	0021	73
15444	3959.48	0.00	168.0000	0021	74
15684	4525.12	0.00	192.0000	0021	75
15207	3946.24	0.00	184.0000	0023	73
15446	4152.21	0.00	176.0000	0023	74
15686	4332.39	0.00	184.0000	0023	75
15235	3324.24	0.00	116.0000	0072	73
15474	2756.03	0.00	103.0000	0072	74
15713	5030.43	0.00	188.0000	0072	75
15259	6759.71	0.00	204.0000	0119	73
15497	5935.87	0.00	191.2500	0119	74
15736	5935.87	0.00	191.2500	0119	75
15267	5634.85	0.00	191.2500	0131	73
15505	3957.25	0.00	127.5000	0131	74
15744	5144.42	0.00	165.7500	0131	75
15280	6759.71	0.00	204.0000	0149	73
15518	4748.70	0.00	153.0000	0149	74
15757	6331.60	0.00	204.0000	0149	75
15310	7722.98	0.00	184.0000	0200	73
15548	8056.14	0.00	185.0000	0200	74
15787	8012.59	0.00	184.0000	0200	75
15315	6346.27	0.00	200.0000	0211	73
15553	9308.65	4974.97	140.0000	0211	74
15792	13511.65	7692.13	188.0000	0211	75
15203	4565.60	0.00	204.0000	0015	73
15442	4135.37	0.00	178.5000	0015	74
15682	3544.60	0.00	153.0000	0015	75
15327	3511.17	0.00	147.0000	0252	73
15563	3358.67	0.00	140.2500	0252	74
15802	4630.27	0.00	193.7500	0252	75
15369	4386.52	0.00	191.2500	03120	73
15604	4430.76	0.00	191.2500	03120	74
15843	4430.76	0.00	191.2500	03120	75
15374	4801.63	0.00	200.0000	03127	73
15609	4369.96	0.00	182.5000	03127	74
15848	4790.05	0.00	200.0000	03127	75
15376	4654.01	0.00	194.0000	03129	73
15611	3744.20	0.00	158.2500	03129	74
15850	4675.30	0.00	195.2500	03129	75
15401	4908.43	0.00	204.0000	0361	73
15643	4580.01	0.00	191.2500	0361	74
15886	2137.34	0.00	89.2500	0361	75
15418	4349.49	0.00	195.2500	0387	73
15658	4484.72	0.00	187.2500	0387	74
15900	4785.84	0.00	204.0000	0387	75
15430	6925.50	0.00	184.0000	0402	73
15670	6045.65	0.00	167.0000	0402	74
15912	6335.26	0.00	175.0000	0402	75
\.


--
-- Data for Name: periodo; Type: TABLE DATA; Schema: public; Owner: postgres
--

COPY public.periodo (id, mes, ordent, fechainicio, fechafin) FROM stdin;
73	Enero	1	2024-01-01	2024-01-31
74	Febrero	2	2024-02-01	2024-02-29
75	Marzo	3	2024-03-01	2024-03-31
\.


--
-- Data for Name: resumen_calculo_utilidades; Type: TABLE DATA; Schema: public; Owner: postgres
--

COPY public.resumen_calculo_utilidades (id, resumen_empleado_id, resumen_utilidadesd_id, mtvacaciones, mtsalario, horastt, coeficienteeva_utilidades, descrip_coeficiente, devengado) FROM stdin;
\.


--
-- Data for Name: rol; Type: TABLE DATA; Schema: public; Owner: postgres
--

COPY public.rol (rol_id, rol, descripcion) FROM stdin;
\.


--
-- Data for Name: tipo_evaluacion; Type: TABLE DATA; Schema: public; Owner: postgres
--

COPY public.tipo_evaluacion (id, eva, peso) FROM stdin;
1	MB	5
2	B 	4
3	R 	3
4	M 	2
5	NE	0
\.


--
-- Data for Name: tipo_pago; Type: TABLE DATA; Schema: public; Owner: postgres
--

COPY public.tipo_pago (id, tipo) FROM stdin;
\.


--
-- Data for Name: usuario; Type: TABLE DATA; Schema: public; Owner: postgres
--

COPY public.usuario (user_id, username, pass, descripcion) FROM stdin;
\.


--
-- Data for Name: usuario_roles; Type: TABLE DATA; Schema: public; Owner: postgres
--

COPY public.usuario_roles (userrol_user_id, userrol_rol_id) FROM stdin;
\.


--
-- Data for Name: utilidades_distribucion; Type: TABLE DATA; Schema: public; Owner: postgres
--

COPY public.utilidades_distribucion (id, name_distribucionu, monto_distribuir, anno) FROM stdin;
30	1er Trimestre	0	2024
\.


--
-- Data for Name: utilidades_periodo_incluye; Type: TABLE DATA; Schema: public; Owner: postgres
--

COPY public.utilidades_periodo_incluye (upincluye_utilidadesd_id, upincluye_periodo_id, efectuado) FROM stdin;
30	73	f
30	74	f
30	75	f
\.


--
-- Data for Name: utilidades_printhist; Type: TABLE DATA; Schema: public; Owner: postgres
--

COPY public.utilidades_printhist (codigo_empleado, name_utilidad, ci, nombap, devengado_util, aporte_ss, imp_ingp, descuento_rm, neto_cobrar) FROM stdin;
\.


--
-- Data for Name: vacacionesp; Type: TABLE DATA; Schema: public; Owner: postgres
--

COPY public.vacacionesp (id, dias, monto, vacacionesp_empleado_id, vacacionesp_periodo_id, tiempo_tota, importe_total) FROM stdin;
95869	0	0.00	0030	74	6.0000	1675.87
95871	6	1675.87	0030	75	0.0000	0.00
95886	4	1472.29	0082	74	6.0000	2208.44
95888	2	736.15	0082	75	0.0000	0.00
94215	21	7548.15	0256	73	21.3338	7548.15
95960	1	279.60	0309	74	1.0000	279.60
94494	1	207.15	0363	73	1.0000	207.15
95992	1	208.56	0363	74	1.0000	208.56
97479	4	836.12	0363	75	4.0000	836.12
94498	12	3839.87	0365	73	12.0000	3839.87
94344	5	1759.44	0029	73	12.0000	4222.65
94346	7	2463.21	0029	74	0.0000	0.00
95891	4	1135.48	0093	74	12.0000	3406.43
95893	8	2270.95	0093	75	0.0000	0.00
94524	5	1425.14	0399	73	11.0000	3135.31
94526	6	1710.17	0399	74	0.0000	0.00
97376	9	2530.18	0105	75	9.0000	2530.18
94132	2	656.13	0107	73	2.3558	656.13
95962	2	659.70	03105	74	2.0000	659.70
94486	8	2252.99	0341	73	8.0000	2252.99
94488	5	1415.69	0345	73	5.0000	1415.69
95037	12	2135.73	0367	73	12.0000	2135.73
95837	8	1418.40	0367	74	7.7599	1418.40
94506	0	0.00	0375	73	12.0000	2245.57
94508	12	2245.57	0375	74	0.0000	0.00
97077	11	3124.32	0404	75	10.8623	3124.32
95903	5	1623.11	0117	74	5.0000	1623.11
95813	0	0.00	03149	74	0.0000	0.00
95982	2	749.14	0333	74	2.0000	749.14
95895	0	0.00	0101	74	5.0000	1392.24
95897	5	1392.24	0101	75	0.0000	0.00
95951	0	0.00	0262	74	5.0000	1767.37
95953	5	1767.37	0262	75	0.0000	0.00
97342	6	1343.19	0041	75	6.0000	1343.19
95873	16	3142.78	0046	74	16.0000	3142.78
94452	6	2082.97	0259	73	6.0000	2082.97
95994	0	0.00	0366	74	6.0000	2097.70
95996	6	2097.70	0366	75	0.0000	0.00
96300	8	1490.22	0077	74	12.0000	2235.33
95884	4	745.11	0077	75	0.0000	0.00
94374	2	371.24	0081	73	2.0000	371.24
97366	6	1352.48	0083	75	12.0000	2704.96
94352	7	1603.88	0044	73	12.0000	2749.51
94354	5	1145.63	0044	74	0.0000	0.00
94356	9	1916.42	0049	73	9.0000	1916.42
97346	12	2523.90	0050	75	12.0000	2523.90
95635	6	1225.15	0058	74	5.9997	1225.15
97354	12	2438.36	0063	75	12.0000	2438.36
97360	0	0.00	0067	75	7.0000	1514.55
97364	11	2342.38	0080	75	11.0000	2342.38
97406	12	2481.24	0169	75	12.0000	2481.24
97410	0	0.00	0180	75	12.0000	2459.28
97431	12	4368.44	0263	75	12.0000	4368.44
94454	8	2198.33	0283	73	8.0000	2198.33
94460	12	2804.84	0290	73	12.0000	2804.84
94466	12	2705.67	0294	73	12.0000	2705.67
97446	7	1588.55	0294	75	7.0000	1588.55
97460	8	1684.83	03131	75	8.0000	1684.83
96000	12	3074.27	0369	74	12.0000	3074.27
94510	6	1416.05	0378	73	12.0000	2832.10
94512	6	1416.05	0378	74	0.0000	0.00
97487	6	1471.75	0388	75	17.0000	4169.96
94376	17	4788.48	0085	73	17.0000	4788.48
96874	1	440.09	0085	75	1.3953	440.09
97433	0	0.00	0264	75	8.0000	2842.26
97335	0	0.00	0038	75	12.0000	2860.58
97340	12	2826.63	0039	75	12.0000	2826.63
94378	9	2901.42	0086	73	9.0000	2901.42
94476	1	186.69	03100	73	12.0000	2240.31
94478	11	2053.62	03100	74	0.0000	0.00
95978	0	0.00	0321	74	11.0000	2530.29
95980	11	2530.29	0321	75	0.0000	0.00
94502	10	2284.61	0373	73	12.0000	2741.54
94504	2	456.92	0373	74	0.0000	0.00
94531	0	0.00	0397	73	12.0000	2725.23
94533	12	2725.23	0397	74	0.0000	0.00
94340	5	840.20	0013	73	5.0000	840.20
94462	12	2066.69	0291	73	12.0000	2066.69
97469	0	0.00	0349	75	12.0000	2096.14
95080	12	8388.13	0043	73	12.0000	8388.13
97506	0	0.00	0091	75	8.0000	3128.58
95945	4	1228.30	0213	74	12.0000	3684.91
95947	8	2456.61	0213	75	0.0000	0.00
94201	17	4263.20	0223	73	17.3526	4263.20
94203	18	4315.40	0224	73	18.2225	4315.40
95082	0	0.00	0230	73	12.0000	3393.59
94595	12	3393.59	0230	74	0.0000	0.00
94442	0	0.00	0232	73	12.0000	3444.57
94444	12	3444.57	0232	74	0.0000	0.00
95949	6	1687.89	0235	74	6.0000	1687.89
97437	8	1765.81	0270	75	8.0000	1765.81
95964	6	1369.13	03118	74	6.0000	1369.13
94289	16	10182.12	0362	73	15.6275	10182.12
94292	12	2880.52	0364	73	11.5174	2880.52
97491	0	0.00	0389	75	6.0000	3935.15
95086	12	3247.69	0396	73	12.0000	3247.69
97502	0	0.00	0405	75	6.0000	2295.30
94332	7	1194.67	0003	73	7.0000	1194.67
94334	6	1018.92	0008	73	6.0000	1018.92
94338	5	877.01	0010	73	5.0000	877.01
94342	1	174.89	0025	73	1.0000	174.89
97331	0	0.00	0033	75	6.0000	961.40
97344	12	2687.41	0045	75	12.0000	2687.41
94358	1	201.72	0052	73	1.0000	201.72
97348	5	1042.94	0052	75	5.0000	1042.94
94360	9	1576.84	0057	73	9.0000	1576.84
95878	1	168.63	0059	74	6.0000	1011.81
95880	5	843.17	0059	75	0.0000	0.00
97350	0	0.00	0062	75	5.0000	838.31
97356	0	0.00	0064	75	9.0000	2202.07
94372	6	1418.46	0078	73	6.0000	1418.46
97374	5	1235.24	0096	75	5.0000	1235.24
95899	1	234.49	0115	74	8.0000	1875.93
95901	7	1641.44	0115	75	0.0000	0.00
97382	6	1410.48	0120	75	6.0000	1410.48
94392	0	0.00	0133	73	5.0000	1162.46
94394	5	1162.46	0133	74	0.0000	0.00
97388	9	2141.12	0133	75	9.0000	2141.12
95911	7	1638.22	0135	74	7.0000	1638.22
94396	0	0.00	0136	73	7.0000	1646.60
94398	7	1646.60	0136	74	0.0000	0.00
94400	9	2090.64	0137	73	9.0000	2090.64
97390	0	0.00	0137	75	5.0000	1170.98
94402	4	973.48	0140	73	5.0000	1216.85
94404	1	243.37	0140	74	0.0000	0.00
97545	0	0.00	0140	75	5.0000	1245.03
94410	5	1196.48	0142	73	5.0000	1196.48
94414	6	1424.38	0148	73	6.0000	1424.38
97549	0	0.00	0148	75	5.0000	1191.59
95915	0	0.00	0156	74	8.0000	1394.97
95917	8	1394.97	0156	75	0.0000	0.00
94416	0	0.00	0158	73	7.0000	1180.32
94418	7	1180.32	0158	74	0.0000	0.00
94420	6	1230.66	0160	73	6.0000	1230.66
94422	5	1013.54	0162	73	5.0000	1013.54
94424	9	1777.84	0163	73	9.0000	1777.84
97404	5	999.02	0167	75	5.0000	999.02
95923	5	863.06	0173	74	5.0000	863.06
97408	9	1563.66	0173	75	9.0000	1563.66
94428	0	0.00	0175	73	9.0000	1549.04
94430	9	1549.04	0175	74	0.0000	0.00
95925	7	1282.95	0176	74	7.0000	1282.95
94434	12	2416.93	0182	73	12.0000	2416.93
95927	6	1031.40	0183	74	8.0000	1375.20
95929	2	343.80	0183	75	0.0000	0.00
95931	7	1210.43	0189	74	7.0000	1210.43
95937	0	0.00	0196	74	8.0000	1357.95
95939	8	1357.95	0196	75	0.0000	0.00
97427	0	0.00	0261	75	6.0000	2077.16
94456	5	1107.06	0285	73	8.0000	1771.30
94458	3	664.24	0285	74	0.0000	0.00
95966	0	0.00	03124	74	6.0000	1071.08
95968	6	1071.08	03124	75	0.0000	0.00
96012	2	342.46	0392	74	2.0000	342.46
97495	0	0.00	0392	75	12.0000	2076.75
95919	0	0.00	0172	74	12.0000	2424.02
95921	12	2424.02	0172	75	0.0000	0.00
94468	8	1691.57	0297	73	12.0000	2537.35
94470	4	845.78	0297	74	0.0000	0.00
94472	0	0.00	0298	73	12.0000	3802.57
94474	12	3802.57	0298	74	0.0000	0.00
97448	4	949.63	0302	75	12.0000	2848.90
94348	12	1825.11	0034	73	12.0000	1825.11
94362	11	2282.01	0066	73	11.0000	2282.01
94380	5	1171.27	0113	73	5.0000	1171.27
97378	0	0.00	0113	75	5.0000	1178.01
94406	0	0.00	0141	73	11.0000	2636.58
94408	11	2636.58	0141	74	0.0000	0.00
97396	10	2017.71	0159	75	12.0000	2421.25
94432	12	2424.18	0177	73	12.0000	2424.18
97416	0	0.00	0199	75	8.0000	2764.60
94464	12	2104.36	0293	73	12.0000	2104.36
94490	0	0.00	0351	73	12.0000	2176.35
94492	12	2176.35	0351	74	0.0000	0.00
97475	0	0.00	0353	75	12.0000	2271.25
94336	9	1573.07	0009	73	9.0000	1573.07
94412	12	2835.78	0146	73	12.0000	2835.78
94426	12	2407.61	0170	73	12.0000	2407.61
97414	12	2496.48	0188	75	12.0000	2496.48
94436	12	2833.32	0195	73	12.0000	2833.32
95941	12	4134.09	0197	74	12.0000	4134.09
94484	12	2170.95	03114	73	12.0000	2170.95
94382	9	3039.72	0121	73	9.0000	3039.72
97420	0	0.00	0209	75	12.0000	2888.51
97425	12	2102.54	0253	75	12.0000	2102.54
94450	9	1849.19	0255	73	9.0000	1849.19
97473	7	1677.49	0350	75	7.0000	1677.49
97481	9	2179.23	0377	75	9.0000	2179.23
97483	7	1231.43	0383	75	12.0000	2111.02
94516	9	1858.43	0393	73	9.0000	1858.43
97321	8	1444.36	0006	75	12.0000	2166.54
94384	0	0.00	0125	73	9.0000	2894.99
94386	9	2894.99	0125	74	0.0000	0.00
97384	0	0.00	0125	75	12.0000	3971.33
94388	8	1892.44	0128	73	8.0000	1892.44
97400	3	615.07	0165	75	8.0000	1640.19
97452	7	1625.66	03108	75	7.0000	1625.66
94514	8	1552.46	0384	73	8.0000	1552.46
94440	12	3220.92	0202	73	12.0000	3220.92
97454	12	2522.37	03115	75	12.0000	2522.37
95933	11	2255.51	0194	74	12.0000	2460.56
95935	1	205.05	0194	75	0.0000	0.00
95955	0	0.00	0277	74	12.0000	2889.35
95957	12	2889.35	0277	75	0.0000	0.00
97441	0	0.00	0280	75	12.0000	2911.11
97456	0	0.00	03116	75	12.0000	2728.13
96008	11	2462.10	0385	74	12.0000	2685.93
96010	1	223.83	0385	75	0.0000	0.00
95905	12	3947.58	0126	74	12.0000	3947.58
94390	5	1195.05	0129	73	5.0000	1195.05
97439	12	2842.92	0276	75	12.0000	2842.92
95028	0	0.00	0307	73	7.0000	1414.00
95030	7	1414.00	0307	74	0.0000	0.00
94480	0	0.00	03104	73	12.0000	2847.90
94482	12	2847.90	03104	74	0.0000	0.00
95984	0	0.00	0335	74	12.0000	2124.44
95986	12	2124.44	0335	75	0.0000	0.00
96002	0	0.00	0376	74	12.0000	2151.41
96004	12	2151.41	0376	75	0.0000	0.00
96006	12	2459.51	0381	74	12.0000	2459.51
94364	10	2124.86	0072	73	12.0000	2549.83
94366	2	424.97	0072	74	0.0000	0.00
95907	7	1652.79	0131	74	12.0000	2833.36
95909	5	1180.57	0131	75	0.0000	0.00
95913	6	1448.46	0149	74	6.0000	1448.46
94438	2	670.36	0200	73	2.0000	670.36
95943	6	1427.29	0211	74	6.0000	1427.29
97325	5	869.95	0015	75	6.0000	1043.94
94446	6	1050.50	0252	73	12.0000	2101.00
94448	6	1050.50	0252	74	0.0000	0.00
95970	2	354.70	03129	74	2.0000	354.70
95988	0	0.00	0361	74	12.0000	2161.88
95990	12	2161.88	0361	75	0.0000	0.00
96014	2	570.60	0402	74	2.0000	570.60
97499	1	285.86	0402	75	1.0000	285.86
\.


--
-- Name: area_id_seq; Type: SEQUENCE SET; Schema: public; Owner: postgres
--

SELECT pg_catalog.setval('public.area_id_seq', 1, false);


--
-- Name: opago_id_seq; Type: SEQUENCE SET; Schema: public; Owner: postgres
--

SELECT pg_catalog.setval('public.opago_id_seq', 1, false);


--
-- Name: resumen_calculo_utilidades_id_seq; Type: SEQUENCE SET; Schema: public; Owner: postgres
--

SELECT pg_catalog.setval('public.resumen_calculo_utilidades_id_seq', 1, false);


--
-- Name: rol_rol_id_seq; Type: SEQUENCE SET; Schema: public; Owner: postgres
--

SELECT pg_catalog.setval('public.rol_rol_id_seq', 1, false);


--
-- Name: tipo_evaluacion_id_seq; Type: SEQUENCE SET; Schema: public; Owner: postgres
--

SELECT pg_catalog.setval('public.tipo_evaluacion_id_seq', 1, false);


--
-- Name: tipo_pago_id_seq; Type: SEQUENCE SET; Schema: public; Owner: postgres
--

SELECT pg_catalog.setval('public.tipo_pago_id_seq', 1, false);


--
-- Name: usuario_user_id_seq; Type: SEQUENCE SET; Schema: public; Owner: postgres
--

SELECT pg_catalog.setval('public.usuario_user_id_seq', 1, false);


--
-- Name: utilidades_distribucion_id_seq; Type: SEQUENCE SET; Schema: public; Owner: postgres
--

SELECT pg_catalog.setval('public.utilidades_distribucion_id_seq', 30, true);


--
-- Name: area area_pkey; Type: CONSTRAINT; Schema: public; Owner: postgres
--

ALTER TABLE ONLY public.area
    ADD CONSTRAINT area_pkey PRIMARY KEY (id);


--
-- Name: empleado empleado_pkey; Type: CONSTRAINT; Schema: public; Owner: postgres
--

ALTER TABLE ONLY public.empleado
    ADD CONSTRAINT empleado_pkey PRIMARY KEY (id);


--
-- Name: opago opago_pkey; Type: CONSTRAINT; Schema: public; Owner: postgres
--

ALTER TABLE ONLY public.opago
    ADD CONSTRAINT opago_pkey PRIMARY KEY (id);


--
-- Name: pago_salario pago_salario_pkey; Type: CONSTRAINT; Schema: public; Owner: postgres
--

ALTER TABLE ONLY public.pago_salario
    ADD CONSTRAINT pago_salario_pkey PRIMARY KEY (id);


--
-- Name: periodo periodo_pkey; Type: CONSTRAINT; Schema: public; Owner: postgres
--

ALTER TABLE ONLY public.periodo
    ADD CONSTRAINT periodo_pkey PRIMARY KEY (id);


--
-- Name: resumen_calculo_utilidades resumen_calculo_utilidades_pkey; Type: CONSTRAINT; Schema: public; Owner: postgres
--

ALTER TABLE ONLY public.resumen_calculo_utilidades
    ADD CONSTRAINT resumen_calculo_utilidades_pkey PRIMARY KEY (id);


--
-- Name: rol rol_pkey; Type: CONSTRAINT; Schema: public; Owner: postgres
--

ALTER TABLE ONLY public.rol
    ADD CONSTRAINT rol_pkey PRIMARY KEY (rol_id);


--
-- Name: tipo_evaluacion tipo_evaluacion_pkey; Type: CONSTRAINT; Schema: public; Owner: postgres
--

ALTER TABLE ONLY public.tipo_evaluacion
    ADD CONSTRAINT tipo_evaluacion_pkey PRIMARY KEY (id);


--
-- Name: tipo_pago tipo_pago_pkey; Type: CONSTRAINT; Schema: public; Owner: postgres
--

ALTER TABLE ONLY public.tipo_pago
    ADD CONSTRAINT tipo_pago_pkey PRIMARY KEY (id);


--
-- Name: usuario usuario_pkey; Type: CONSTRAINT; Schema: public; Owner: postgres
--

ALTER TABLE ONLY public.usuario
    ADD CONSTRAINT usuario_pkey PRIMARY KEY (user_id);


--
-- Name: utilidades_distribucion utilidades_distribucion_name_distribucionu_key; Type: CONSTRAINT; Schema: public; Owner: postgres
--

ALTER TABLE ONLY public.utilidades_distribucion
    ADD CONSTRAINT utilidades_distribucion_name_distribucionu_key UNIQUE (name_distribucionu);


--
-- Name: utilidades_distribucion utilidades_distribucion_pkey; Type: CONSTRAINT; Schema: public; Owner: postgres
--

ALTER TABLE ONLY public.utilidades_distribucion
    ADD CONSTRAINT utilidades_distribucion_pkey PRIMARY KEY (id);


--
-- Name: utilidades_printhist utilidades_printhist_name_utilidad_key; Type: CONSTRAINT; Schema: public; Owner: postgres
--

ALTER TABLE ONLY public.utilidades_printhist
    ADD CONSTRAINT utilidades_printhist_name_utilidad_key UNIQUE (name_utilidad);


--
-- Name: vacacionesp vacacionesp_pkey; Type: CONSTRAINT; Schema: public; Owner: postgres
--

ALTER TABLE ONLY public.vacacionesp
    ADD CONSTRAINT vacacionesp_pkey PRIMARY KEY (id);


--
-- Name: empleado fk_empleado_area; Type: FK CONSTRAINT; Schema: public; Owner: postgres
--

ALTER TABLE ONLY public.empleado
    ADD CONSTRAINT fk_empleado_area FOREIGN KEY (empleado_area_id) REFERENCES public.area(id) ON UPDATE CASCADE ON DELETE CASCADE;


--
-- Name: evaluacion fk_evaluacion_empleado; Type: FK CONSTRAINT; Schema: public; Owner: postgres
--

ALTER TABLE ONLY public.evaluacion
    ADD CONSTRAINT fk_evaluacion_empleado FOREIGN KEY (evaluacion_empleado_id) REFERENCES public.empleado(id) ON UPDATE CASCADE ON DELETE CASCADE;


--
-- Name: evaluacion fk_evaluacion_periodo; Type: FK CONSTRAINT; Schema: public; Owner: postgres
--

ALTER TABLE ONLY public.evaluacion
    ADD CONSTRAINT fk_evaluacion_periodo FOREIGN KEY (evaluacion_perio_id) REFERENCES public.periodo(id) ON UPDATE CASCADE ON DELETE CASCADE;


--
-- Name: evaluacion fk_evaluacion_tipoevaluacion; Type: FK CONSTRAINT; Schema: public; Owner: postgres
--

ALTER TABLE ONLY public.evaluacion
    ADD CONSTRAINT fk_evaluacion_tipoevaluacion FOREIGN KEY (evaluacion_tipoevaluacion_id) REFERENCES public.tipo_evaluacion(id) ON UPDATE CASCADE ON DELETE CASCADE;


--
-- Name: opago fk_opago_empleado; Type: FK CONSTRAINT; Schema: public; Owner: postgres
--

ALTER TABLE ONLY public.opago
    ADD CONSTRAINT fk_opago_empleado FOREIGN KEY (opago_empleado_id) REFERENCES public.empleado(id) ON UPDATE CASCADE ON DELETE CASCADE;


--
-- Name: opago fk_opago_periodo; Type: FK CONSTRAINT; Schema: public; Owner: postgres
--

ALTER TABLE ONLY public.opago
    ADD CONSTRAINT fk_opago_periodo FOREIGN KEY (opago_periodo_id) REFERENCES public.periodo(id) ON UPDATE CASCADE ON DELETE CASCADE;


--
-- Name: pago_salario fk_pago_salario_empleado; Type: FK CONSTRAINT; Schema: public; Owner: postgres
--

ALTER TABLE ONLY public.pago_salario
    ADD CONSTRAINT fk_pago_salario_empleado FOREIGN KEY (psalario_empleado_id) REFERENCES public.empleado(id) ON UPDATE CASCADE ON DELETE CASCADE;


--
-- Name: pago_salario fk_pago_salario_periodo; Type: FK CONSTRAINT; Schema: public; Owner: postgres
--

ALTER TABLE ONLY public.pago_salario
    ADD CONSTRAINT fk_pago_salario_periodo FOREIGN KEY (psalario_periodo_id) REFERENCES public.periodo(id) ON UPDATE CASCADE ON DELETE CASCADE;


--
-- Name: resumen_calculo_utilidades fk_rc_utilidades_empleado; Type: FK CONSTRAINT; Schema: public; Owner: postgres
--

ALTER TABLE ONLY public.resumen_calculo_utilidades
    ADD CONSTRAINT fk_rc_utilidades_empleado FOREIGN KEY (resumen_empleado_id) REFERENCES public.empleado(id) ON UPDATE CASCADE ON DELETE CASCADE;


--
-- Name: resumen_calculo_utilidades fk_rc_utilidades_utilidadesd; Type: FK CONSTRAINT; Schema: public; Owner: postgres
--

ALTER TABLE ONLY public.resumen_calculo_utilidades
    ADD CONSTRAINT fk_rc_utilidades_utilidadesd FOREIGN KEY (resumen_utilidadesd_id) REFERENCES public.utilidades_distribucion(id) ON UPDATE CASCADE ON DELETE CASCADE;


--
-- Name: utilidades_periodo_incluye fk_upincluye_periodo; Type: FK CONSTRAINT; Schema: public; Owner: postgres
--

ALTER TABLE ONLY public.utilidades_periodo_incluye
    ADD CONSTRAINT fk_upincluye_periodo FOREIGN KEY (upincluye_periodo_id) REFERENCES public.periodo(id) ON UPDATE CASCADE ON DELETE CASCADE;


--
-- Name: utilidades_periodo_incluye fk_upincluye_utilidadesd; Type: FK CONSTRAINT; Schema: public; Owner: postgres
--

ALTER TABLE ONLY public.utilidades_periodo_incluye
    ADD CONSTRAINT fk_upincluye_utilidadesd FOREIGN KEY (upincluye_utilidadesd_id) REFERENCES public.utilidades_distribucion(id) ON UPDATE CASCADE ON DELETE CASCADE;


--
-- Name: usuario_roles fk_usuario_roles_rol; Type: FK CONSTRAINT; Schema: public; Owner: postgres
--

ALTER TABLE ONLY public.usuario_roles
    ADD CONSTRAINT fk_usuario_roles_rol FOREIGN KEY (userrol_rol_id) REFERENCES public.rol(rol_id) ON UPDATE CASCADE ON DELETE CASCADE;


--
-- Name: usuario_roles fk_usuario_roles_user; Type: FK CONSTRAINT; Schema: public; Owner: postgres
--

ALTER TABLE ONLY public.usuario_roles
    ADD CONSTRAINT fk_usuario_roles_user FOREIGN KEY (userrol_user_id) REFERENCES public.usuario(user_id) ON UPDATE CASCADE ON DELETE CASCADE;


--
-- Name: vacacionesp fk_vacacionesp_empleado; Type: FK CONSTRAINT; Schema: public; Owner: postgres
--

ALTER TABLE ONLY public.vacacionesp
    ADD CONSTRAINT fk_vacacionesp_empleado FOREIGN KEY (vacacionesp_empleado_id) REFERENCES public.empleado(id) ON UPDATE CASCADE ON DELETE CASCADE;


--
-- Name: vacacionesp fk_vacacionesp_periodo; Type: FK CONSTRAINT; Schema: public; Owner: postgres
--

ALTER TABLE ONLY public.vacacionesp
    ADD CONSTRAINT fk_vacacionesp_periodo FOREIGN KEY (vacacionesp_periodo_id) REFERENCES public.periodo(id) ON UPDATE CASCADE ON DELETE CASCADE;


--
-- PostgreSQL database dump complete
--

